Initializing AMReX (26.08-36-gf2cbba4afc9e)...
MPI initialized with 1 MPI processes
MPI initialized with thread support level 0
Initializing CUDA...
CUDA initialized with 1 device.
AMReX (26.08-36-gf2cbba4afc9e) initialized
Using default ref_ratio = 2 at all levels
Successfully read inputs file ... 
Using derived variables:
	magnetic_divergence


Quokka version 25.03 (git: c8e0bcce7178c63768452eaf893a495ade8b1fb7)
	AMReX git: f2cbba4afc9eb3cc0a68b311112def524ada8cd3
	Microphysics git: 59c48535461d1310efcf3fbf4970e4c19e1eac64
	AMReX-Hydro git: e49df248aabd2cc11865eb5be734a2f5f2f65ee5
	TurbGen git: e7f017287c3e3c9f9ed4a5bdf7666fc983fc4251
Creating new distribution map on level: 0
Creating new distribution map on level: 1
Writing plotfile MHDBlast-GPU_plt0000000

[Warning] [Performance] The grid blocking factor (16) is too small for reasonable performance. It should be 32 (or greater) when running on GPUs, and 16 (or greater) when running on CPUs.

[Warning] [Performance] The maximum grid size (32) is too small for reasonable performance. It should be 128 (or greater) when running on GPUs, and 64 (or greater) when running on CPUs.

Coarse STEP 1 at t = 0 (0%) starts ...
...[level 0] estimated hydro timestep: 2.870496e-04
...[level 0] 	hydro timestep limited at cell (30, 25, 28) with signal speed = 1.632993e+01
...[level 0] 	cell density = 1.000000e+00, |v| = 0.000000e+00, cs = 1.290994e+01
...[level 0] timestep limited by HYDRO
...[level 1] estimated hydro timestep: 1.435248e-04
...[level 1] 	hydro timestep limited at cell (58, 60, 49) with signal speed = 1.632993e+01
...[level 1] 	cell density = 1.000000e+00, |v| = 0.000000e+00, cs = 1.290994e+01
...[level 1] timestep limited by HYDRO
...coarse timestep set by level 0
[Level 0 step 1] ADVANCE with time = 0.0000000000e+00 dt = 2.8704957923e-04
[Level 0 step 1] Advanced 262144 cells
[Level 1 step 1] ADVANCE with time = 0.0000000000e+00 dt = 1.4352478962e-04
[Level 1 step 1] Advanced 229376 cells
[Level 1 step 2] ADVANCE with time = 1.4352478962e-04 dt = 1.4352478962e-04
	>> CFL violation detected on level 1 with dt_lev = 0.0001435247896 and dt_cfl = 0.0001249981173
	   max_signal = 18.7502824
	>> Re-trying hydro advance at level 1 with reduced timestep (remaining dt = 0.0001435247896, total substeps = 2, completed substeps = 0, dt_new = 7.176239481e-05)
[Level 1 step 2] Advanced 229376 cells

Coarse STEP 2 at t = 0.0002870495792 (0.5740991585%) starts ...
...[level 0] estimated hydro timestep: 2.735702e-04
...[level 0] 	hydro timestep limited at cell (33, 39, 31) with signal speed = 1.713454e+01
...[level 0] 	cell density = 9.186379e-01, |v| = 8.716430e-01, cs = 1.255420e+01
...[level 0] timestep limited by HYDRO
...[level 1] estimated hydro timestep: 1.260172e-04
...[level 1] 	hydro timestep limited at cell (59, 59, 49) with signal speed = 1.859866e+01
...[level 1] 	cell density = 8.358005e-01, |v| = 2.273459e+00, cs = 1.221516e+01
...[level 1] timestep limited by HYDRO
...coarse timestep set by level 1
[Level 0 step 2] ADVANCE with time = 2.8704957923e-04 dt = 2.5203435127e-04
[Level 0 step 2] Advanced 262144 cells
[Level 1 step 3] ADVANCE with time = 2.8704957923e-04 dt = 1.2601717563e-04
[Level 1 step 3] Advanced 229376 cells
[Level 1 step 4] ADVANCE with time = 4.1306675487e-04 dt = 1.2601717563e-04
[Level 1 step 4] Advanced 229376 cells

Coarse STEP 3 at t = 0.0005390839305 (1.078167861%) starts ...
...[level 0] estimated hydro timestep: 2.616376e-04
...[level 0] 	hydro timestep limited at cell (30, 24, 31) with signal speed = 1.791600e+01
...[level 0] 	cell density = 8.573870e-01, |v| = 1.716315e+00, cs = 1.231013e+01
...[level 0] timestep limited by HYDRO
...[level 1] estimated hydro timestep: 1.180513e-04
...[level 1] 	hydro timestep limited at cell (59, 49, 59) with signal speed = 1.985366e+01
...[level 1] 	cell density = 7.681004e-01, |v| = 3.488722e+00, cs = 1.210800e+01
...[level 1] timestep limited by HYDRO
...coarse timestep set by level 1
Creating new distribution map on level: 1
[Level 0 step 3] ADVANCE with time = 5.3908393050e-04 dt = 2.3610254469e-04
[Level 0 step 3] Advanced 262144 cells
[Level 1 step 5] ADVANCE with time = 5.3908393050e-04 dt = 1.1805127235e-04
[Level 1 step 5] Advanced 262144 cells
[Level 1 step 6] ADVANCE with time = 6.5713520285e-04 dt = 1.1805127235e-04
[Level 1 step 6] Advanced 262144 cells

Coarse STEP 4 at t = 0.0007751864752 (1.55037295%) starts ...
...[level 0] estimated hydro timestep: 2.488266e-04
...[level 0] 	hydro timestep limited at cell (26, 26, 31) with signal speed = 1.883842e+01
...[level 0] 	cell density = 8.360029e-01, |v| = 3.356345e+00, cs = 1.105925e+01
...[level 0] timestep limited by HYDRO
...[level 1] estimated hydro timestep: 1.137641e-04
...[level 1] 	hydro timestep limited at cell (78, 69, 60) with signal speed = 2.060185e+01
...[level 1] 	cell density = 7.184876e-01, |v| = 4.186845e+00, cs = 1.196104e+01
...[level 1] timestep limited by HYDRO
...coarse timestep set by level 1
[Level 0 step 4] ADVANCE with time = 7.7518647519e-04 dt = 2.2752813714e-04
[Level 0 step 4] Advanced 262144 cells
[Level 1 step 7] ADVANCE with time = 7.7518647519e-04 dt = 1.1376406857e-04
[Level 1 step 7] Advanced 262144 cells
[Level 1 step 8] ADVANCE with time = 8.8895054376e-04 dt = 1.1376406857e-04
[Level 1 step 8] Advanced 262144 cells

Coarse STEP 5 at t = 0.001002714612 (2.005429225%) starts ...
...[level 0] estimated hydro timestep: 2.371514e-04
...[level 0] 	hydro timestep limited at cell (26, 26, 31) with signal speed = 1.976586e+01
...[level 0] 	cell density = 7.648568e-01, |v| = 3.963483e+00, cs = 1.113910e+01
...[level 0] timestep limited by HYDRO
...[level 1] estimated hydro timestep: 1.098392e-04
...[level 1] 	hydro timestep limited at cell (60, 48, 62) with signal speed = 2.133802e+01
...[level 1] 	cell density = 6.806987e-01, |v| = 4.845684e+00, cs = 1.186904e+01
...[level 1] timestep limited by HYDRO
...coarse timestep set by level 1
[Level 0 step 5] ADVANCE with time = 1.0027146123e-03 dt = 2.1967832334e-04
[Level 0 step 5] Advanced 262144 cells
[Level 1 step 9] ADVANCE with time = 1.0027146123e-03 dt = 1.0983916167e-04
[Level 1 step 9] Advanced 262144 cells
[Level 1 step 10] ADVANCE with time = 1.1125537740e-03 dt = 1.0983916167e-04
[Level 1 step 10] Advanced 262144 cells

Coarse STEP 6 at t = 0.001222392936 (2.444785871%) starts ...
...[level 0] estimated hydro timestep: 2.308061e-04
...[level 0] 	hydro timestep limited at cell (26, 26, 31) with signal speed = 2.030926e+01
...[level 0] 	cell density = 7.050942e-01, |v| = 4.311825e+00, cs = 1.110143e+01
...[level 0] timestep limited by HYDRO
...[level 1] estimated hydro timestep: 1.084109e-04
...[level 1] 	hydro timestep limited at cell (60, 48, 62) with signal speed = 2.161914e+01
...[level 1] 	cell density = 6.494817e-01, |v| = 5.040945e+00, cs = 1.181622e+01
...[level 1] timestep limited by HYDRO
...coarse timestep set by level 1
[Level 0 step 6] ADVANCE with time = 1.2223929357e-03 dt = 2.1682171243e-04
[Level 0 step 6] Advanced 262144 cells
[Level 1 step 11] ADVANCE with time = 1.2223929357e-03 dt = 1.0841085622e-04
[Level 1 step 11] Advanced 262144 cells
[Level 1 step 12] ADVANCE with time = 1.3308037919e-03 dt = 1.0841085622e-04
[Level 1 step 12] Advanced 262144 cells

Coarse STEP 7 at t = 0.001439214648 (2.878429296%) starts ...
...[level 0] estimated hydro timestep: 2.265751e-04
...[level 0] 	hydro timestep limited at cell (37, 37, 32) with signal speed = 2.068850e+01
...[level 0] 	cell density = 6.593075e-01, |v| = 4.558040e+00, cs = 1.106921e+01
...[level 0] timestep limited by HYDRO
...[level 1] estimated hydro timestep: 1.074191e-04
...[level 1] 	hydro timestep limited at cell (77, 72, 64) with signal speed = 2.181874e+01
...[level 1] 	cell density = 5.850794e-01, |v| = 5.164076e+00, cs = 1.141905e+01
...[level 1] timestep limited by HYDRO
...coarse timestep set by level 1
[Level 0 step 7] ADVANCE with time = 1.4392146481e-03 dt = 2.1483820527e-04
[Level 0 step 7] Advanced 262144 cells
[Level 1 step 13] ADVANCE with time = 1.4392146481e-03 dt = 1.0741910264e-04
[Level 1 step 13] Advanced 262144 cells
[Level 1 step 14] ADVANCE with time = 1.5466337507e-03 dt = 1.0741910264e-04
[Level 1 step 14] Advanced 262144 cells

Coarse STEP 8 at t = 0.001654052853 (3.308105707%) starts ...
...[level 0] estimated hydro timestep: 2.232901e-04
...[level 0] 	hydro timestep limited at cell (26, 26, 31) with signal speed = 2.099287e+01
...[level 0] 	cell density = 6.264622e-01, |v| = 4.791748e+00, cs = 1.104114e+01
...[level 0] timestep limited by HYDRO
...[level 1] estimated hydro timestep: 1.071746e-04
...[level 1] 	hydro timestep limited at cell (60, 48, 62) with signal speed = 2.186853e+01
...[level 1] 	cell density = 5.988698e-01, |v| = 5.200201e+00, cs = 1.164158e+01
...[level 1] timestep limited by HYDRO
...coarse timestep set by level 1
[Level 0 step 8] ADVANCE with time = 1.6540528534e-03 dt = 2.1434913468e-04
[Level 0 step 8] Advanced 262144 cells
[Level 1 step 15] ADVANCE with time = 1.6540528534e-03 dt = 1.0717456734e-04
[Level 1 step 15] Advanced 262144 cells
[Level 1 step 16] ADVANCE with time = 1.7612274207e-03 dt = 1.0717456734e-04
[Level 1 step 16] Advanced 262144 cells

Coarse STEP 9 at t = 0.001868401988 (3.736803976%) starts ...
...[level 0] estimated hydro timestep: 2.210783e-04
...[level 0] 	hydro timestep limited at cell (26, 26, 31) with signal speed = 2.120289e+01
...[level 0] 	cell density = 6.096327e-01, |v| = 5.056131e+00, cs = 1.096445e+01
...[level 0] timestep limited by HYDRO
...[level 1] estimated hydro timestep: 1.074065e-04
...[level 1] 	hydro timestep limited at cell (67, 79, 65) with signal speed = 2.182131e+01
...[level 1] 	cell density = 5.772455e-01, |v| = 5.183940e+00, cs = 1.147381e+01
...[level 1] timestep limited by HYDRO
...coarse timestep set by level 1
[Level 0 step 9] ADVANCE with time = 1.8684019881e-03 dt = 2.1481290572e-04
[Level 0 step 9] Advanced 262144 cells
[Level 1 step 17] ADVANCE with time = 1.8684019881e-03 dt = 1.0740645286e-04
[Level 1 step 17] Advanced 262144 cells
[Level 1 step 18] ADVANCE with time = 1.9758084409e-03 dt = 1.0740645286e-04
[Level 1 step 18] Advanced 262144 cells

Coarse STEP 10 at t = 0.002083214894 (4.166429788%) starts ...
...[level 0] estimated hydro timestep: 2.196565e-04
...[level 0] 	hydro timestep limited at cell (26, 26, 31) with signal speed = 2.134014e+01
...[level 0] 	cell density = 5.995014e-01, |v| = 5.293502e+00, cs = 1.087497e+01
...[level 0] timestep limited by HYDRO
...[level 1] estimated hydro timestep: 1.078093e-04
...[level 1] 	hydro timestep limited at cell (60, 48, 62) with signal speed = 2.173978e+01
...[level 1] 	cell density = 5.626494e-01, |v| = 5.157806e+00, cs = 1.132194e+01
...[level 1] timestep limited by HYDRO
...coarse timestep set by level 1
[Level 0 step 10] ADVANCE with time = 2.0832148938e-03 dt = 2.1561852054e-04
[Level 0 step 10] Advanced 262144 cells
[Level 1 step 19] ADVANCE with time = 2.0832148938e-03 dt = 1.0780926027e-04
[Level 1 step 19] Advanced 262144 cells
[Level 1 step 20] ADVANCE with time = 2.1910241540e-03 dt = 1.0780926027e-04
[Level 1 step 20] Advanced 262144 cells

Coarse STEP 11 at t = 0.002298833414 (4.597666829%) starts ...
...[level 0] estimated hydro timestep: 2.188077e-04
...[level 0] 	hydro timestep limited at cell (37, 37, 31) with signal speed = 2.142292e+01
...[level 0] 	cell density = 5.910299e-01, |v| = 5.472510e+00, cs = 1.079998e+01
...[level 0] timestep limited by HYDRO
...[level 1] estimated hydro timestep: 1.071771e-04
...[level 1] 	hydro timestep limited at cell (54, 54, 54) with signal speed = 2.186801e+01
...[level 1] 	cell density = 5.981966e-01, |v| = 5.599331e+00, cs = 1.094594e+01
...[level 1] timestep limited by HYDRO
...coarse timestep set by level 1
[Level 0 step 11] ADVANCE with time = 2.2988334143e-03 dt = 2.1435416066e-04
[Level 0 step 11] Advanced 262144 cells
[Level 1 step 21] ADVANCE with time = 2.2988334143e-03 dt = 1.0717708033e-04
[Level 1 step 21] Advanced 262144 cells
[Level 1 step 22] ADVANCE with time = 2.4060104947e-03 dt = 1.0717708033e-04
[Level 1 step 22] Advanced 262144 cells

Coarse STEP 12 at t = 0.002513187575 (5.02637515%) starts ...
...[level 0] estimated hydro timestep: 2.186532e-04
...[level 0] 	hydro timestep limited at cell (37, 37, 31) with signal speed = 2.143806e+01
...[level 0] 	cell density = 5.824375e-01, |v| = 5.568872e+00, cs = 1.073415e+01
...[level 0] timestep limited by HYDRO
...[level 1] estimated hydro timestep: 1.070877e-04
...[level 1] 	hydro timestep limited at cell (54, 54, 73) with signal speed = 2.188628e+01
...[level 1] 	cell density = 5.783576e-01, |v| = 5.530509e+00, cs = 1.090839e+01
...[level 1] timestep limited by HYDRO
...coarse timestep set by level 1
[Level 0 step 12] ADVANCE with time = 2.5131875750e-03 dt = 2.1417532176e-04
[Level 0 step 12] Advanced 262144 cells
[Level 1 step 23] ADVANCE with time = 2.5131875750e-03 dt = 1.0708766088e-04
[Level 1 step 23] Advanced 262144 cells
[Level 1 step 24] ADVANCE with time = 2.6202752359e-03 dt = 1.0708766088e-04
[Level 1 step 24] Advanced 262144 cells

Coarse STEP 13 at t = 0.002727362897 (5.454725793%) starts ...
...[level 0] estimated hydro timestep: 2.191724e-04
...[level 0] 	hydro timestep limited at cell (26, 26, 31) with signal speed = 2.138727e+01
...[level 0] 	cell density = 5.727399e-01, |v| = 5.588682e+00, cs = 1.067111e+01
...[level 0] timestep limited by HYDRO
...[level 1] estimated hydro timestep: 1.072535e-04
...[level 1] 	hydro timestep limited at cell (54, 53, 54) with signal speed = 2.185244e+01
...[level 1] 	cell density = 5.979422e-01, |v| = 5.897059e+00, cs = 1.048817e+01
...[level 1] timestep limited by HYDRO
...coarse timestep set by level 1
[Level 0 step 13] ADVANCE with time = 2.7273628967e-03 dt = 2.1450694422e-04
[Level 0 step 13] Advanced 262144 cells
[Level 1 step 25] ADVANCE with time = 2.7273628967e-03 dt = 1.0725347211e-04
[Level 1 step 25] Advanced 262144 cells
[Level 1 step 26] ADVANCE with time = 2.8346163688e-03 dt = 1.0725347211e-04
[Level 1 step 26] Advanced 262144 cells

Coarse STEP 14 at t = 0.002941869841 (5.883739682%) starts ...
...[level 0] estimated hydro timestep: 2.199092e-04
...[level 0] 	hydro timestep limited at cell (37, 37, 31) with signal speed = 2.131562e+01
...[level 0] 	cell density = 5.628291e-01, |v| = 5.578246e+00, cs = 1.061323e+01
...[level 0] timestep limited by HYDRO
...[level 1] estimated hydro timestep: 1.069221e-04
...[level 1] 	hydro timestep limited at cell (54, 53, 54) with signal speed = 2.192016e+01
...[level 1] 	cell density = 5.712694e-01, |v| = 5.785439e+00, cs = 1.057559e+01
...[level 1] timestep limited by HYDRO
...coarse timestep set by level 1
[Level 0 step 14] ADVANCE with time = 2.9418698410e-03 dt = 2.1384420598e-04
[Level 0 step 14] Advanced 262144 cells
[Level 1 step 27] ADVANCE with time = 2.9418698410e-03 dt = 1.0692210299e-04
[Level 1 step 27] Advanced 262144 cells
[Level 1 step 28] ADVANCE with time = 3.0487919439e-03 dt = 1.0692210299e-04
[Level 1 step 28] Advanced 262144 cells

Coarse STEP 15 at t = 0.003155714047 (6.311428094%) starts ...
...[level 0] estimated hydro timestep: 2.200423e-04
...[level 0] 	hydro timestep limited at cell (25, 28, 28) with signal speed = 2.130272e+01
...[level 0] 	cell density = 5.726871e-01, |v| = 5.416711e+00, cs = 1.063330e+01
...[level 0] timestep limited by HYDRO
...[level 1] estimated hydro timestep: 1.070964e-04
...[level 1] 	hydro timestep limited at cell (54, 53, 54) with signal speed = 2.188448e+01
...[level 1] 	cell density = 5.530444e-01, |v| = 5.687364e+00, cs = 1.056867e+01
...[level 1] timestep limited by HYDRO
...coarse timestep set by level 1
[Level 0 step 15] ADVANCE with time = 3.1557140469e-03 dt = 2.1419289245e-04
[Level 0 step 15] Advanced 262144 cells
[Level 1 step 29] ADVANCE with time = 3.1557140469e-03 dt = 1.0709644622e-04
[Level 1 step 29] Advanced 262144 cells
[Level 1 step 30] ADVANCE with time = 3.2628104932e-03 dt = 1.0709644622e-04
[Level 1 step 30] Advanced 262144 cells

Coarse STEP 16 at t = 0.003369906939 (6.739813879%) starts ...
...[level 0] estimated hydro timestep: 2.201431e-04
...[level 0] 	hydro timestep limited at cell (27, 26, 36) with signal speed = 2.129297e+01
...[level 0] 	cell density = 5.795017e-01, |v| = 5.573205e+00, cs = 1.031504e+01
...[level 0] timestep limited by HYDRO
...[level 1] estimated hydro timestep: 1.074386e-04
...[level 1] 	hydro timestep limited at cell (54, 53, 54) with signal speed = 2.181478e+01
...[level 1] 	cell density = 5.417953e-01, |v| = 5.608456e+00, cs = 1.055078e+01
...[level 1] timestep limited by HYDRO
...coarse timestep set by level 1
[Level 0 step 16] ADVANCE with time = 3.3699069394e-03 dt = 2.1487722364e-04
[Level 0 step 16] Advanced 262144 cells
[Level 1 step 31] ADVANCE with time = 3.3699069394e-03 dt = 1.0743861182e-04
[Level 1 step 31] Advanced 262144 cells
[Level 1 step 32] ADVANCE with time = 3.4773455512e-03 dt = 1.0743861182e-04
[Level 1 step 32] Advanced 262144 cells

Coarse STEP 17 at t = 0.003584784163 (7.169568326%) starts ...
...[level 0] estimated hydro timestep: 2.189784e-04
...[level 0] 	hydro timestep limited at cell (26, 27, 36) with signal speed = 2.140622e+01
...[level 0] 	cell density = 5.621145e-01, |v| = 5.561704e+00, cs = 1.040817e+01
...[level 0] timestep limited by HYDRO
...[level 1] estimated hydro timestep: 1.075145e-04
...[level 1] 	hydro timestep limited at cell (53, 57, 52) with signal speed = 2.179938e+01
...[level 1] 	cell density = 5.503145e-01, |v| = 5.582540e+00, cs = 1.055490e+01
...[level 1] timestep limited by HYDRO
...coarse timestep set by level 1
[Level 0 step 17] ADVANCE with time = 3.5847841630e-03 dt = 2.1502902983e-04
[Level 0 step 17] Advanced 262144 cells
[Level 1 step 33] ADVANCE with time = 3.5847841630e-03 dt = 1.0751451491e-04
[Level 1 step 33] Advanced 262144 cells
[Level 1 step 34] ADVANCE with time = 3.6922986779e-03 dt = 1.0751451491e-04
[Level 1 step 34] Advanced 262144 cells

Coarse STEP 18 at t = 0.003799813193 (7.599626386%) starts ...
...[level 0] estimated hydro timestep: 2.187966e-04
...[level 0] 	hydro timestep limited at cell (26, 27, 36) with signal speed = 2.142401e+01
...[level 0] 	cell density = 5.509464e-01, |v| = 5.545252e+00, cs = 1.043979e+01
...[level 0] timestep limited by HYDRO
...[level 1] estimated hydro timestep: 1.074616e-04
...[level 1] 	hydro timestep limited at cell (53, 57, 52) with signal speed = 2.181012e+01
...[level 1] 	cell density = 5.444187e-01, |v| = 5.534898e+00, cs = 1.057555e+01
...[level 1] timestep limited by HYDRO
...coarse timestep set by level 1
[Level 0 step 18] ADVANCE with time = 3.7998131929e-03 dt = 2.1492315272e-04
[Level 0 step 18] Advanced 262144 cells
[Level 1 step 35] ADVANCE with time = 3.7998131929e-03 dt = 1.0746157636e-04
[Level 1 step 35] Advanced 262144 cells
[Level 1 step 36] ADVANCE with time = 3.9072747692e-03 dt = 1.0746157636e-04
[Level 1 step 36] Advanced 262144 cells

Coarse STEP 19 at t = 0.004014736346 (8.029472691%) starts ...
...[level 0] estimated hydro timestep: 2.191936e-04
...[level 0] 	hydro timestep limited at cell (36, 37, 27) with signal speed = 2.138521e+01
...[level 0] 	cell density = 5.431229e-01, |v| = 5.522183e+00, cs = 1.043459e+01
...[level 0] timestep limited by HYDRO
...[level 1] estimated hydro timestep: 1.075623e-04
...[level 1] 	hydro timestep limited at cell (57, 53, 52) with signal speed = 2.178971e+01
...[level 1] 	cell density = 5.382677e-01, |v| = 5.488368e+00, cs = 1.057642e+01
...[level 1] timestep limited by HYDRO
...coarse timestep set by level 1
[Level 0 step 19] ADVANCE with time = 4.0147363456e-03 dt = 2.1512452510e-04
[Level 0 step 19] Advanced 262144 cells
[Level 1 step 37] ADVANCE with time = 4.0147363456e-03 dt = 1.0756226255e-04
[Level 1 step 37] Advanced 262144 cells
[Level 1 step 38] ADVANCE with time = 4.1222986081e-03 dt = 1.0756226255e-04
[Level 1 step 38] Advanced 262144 cells

Coarse STEP 20 at t = 0.004229860871 (8.459721741%) starts ...
...[level 0] estimated hydro timestep: 2.187654e-04
...[level 0] 	hydro timestep limited at cell (28, 26, 26) with signal speed = 2.142706e+01
...[level 0] 	cell density = 5.519614e-01, |v| = 5.505645e+00, cs = 1.036781e+01
...[level 0] timestep limited by HYDRO
...[level 1] estimated hydro timestep: 1.075384e-04
...[level 1] 	hydro timestep limited at cell (75, 70, 75) with signal speed = 2.179454e+01
...[level 1] 	cell density = 5.445528e-01, |v| = 5.653555e+00, cs = 1.039797e+01
...[level 1] timestep limited by HYDRO
...coarse timestep set by level 1
[Level 0 step 20] ADVANCE with time = 4.2298608707e-03 dt = 2.1507679328e-04
[Level 0 step 20] Advanced 262144 cells
[Level 1 step 39] ADVANCE with time = 4.2298608707e-03 dt = 1.0753839664e-04
[Level 1 step 39] Advanced 262144 cells
[Level 1 step 40] ADVANCE with time = 4.3373992673e-03 dt = 1.0753839664e-04
[Level 1 step 40] Advanced 262144 cells

Coarse STEP 21 at t = 0.004444937664 (8.889875328%) starts ...
...[level 0] estimated hydro timestep: 2.185621e-04
...[level 0] 	hydro timestep limited at cell (28, 26, 26) with signal speed = 2.144699e+01
...[level 0] 	cell density = 5.402408e-01, |v| = 5.467758e+00, cs = 1.040022e+01
...[level 0] timestep limited by HYDRO
...[level 1] estimated hydro timestep: 1.076427e-04
...[level 1] 	hydro timestep limited at cell (70, 75, 75) with signal speed = 2.177342e+01
...[level 1] 	cell density = 5.340468e-01, |v| = 5.597612e+00, cs = 1.040153e+01
...[level 1] timestep limited by HYDRO
...coarse timestep set by level 1
Creating new distribution map on level: 1
[Level 0 step 21] ADVANCE with time = 4.4449376639e-03 dt = 2.1528543069e-04
[Level 0 step 21] Advanced 262144 cells
[Level 1 step 41] ADVANCE with time = 4.4449376639e-03 dt = 1.0764271535e-04
[Level 1 step 41] Advanced 294912 cells
[Level 1 step 42] ADVANCE with time = 4.5525803793e-03 dt = 1.0764271535e-04
[Level 1 step 42] Advanced 294912 cells

Coarse STEP 22 at t = 0.004660223095 (9.320446189%) starts ...
...[level 0] estimated hydro timestep: 2.188277e-04
...[level 0] 	hydro timestep limited at cell (28, 26, 37) with signal speed = 2.142096e+01
...[level 0] 	cell density = 5.315442e-01, |v| = 5.429985e+00, cs = 1.039601e+01
...[level 0] timestep limited by HYDRO
...[level 1] estimated hydro timestep: 1.079674e-04
...[level 1] 	hydro timestep limited at cell (57, 52, 52) with signal speed = 2.170794e+01
...[level 1] 	cell density = 5.266100e-01, |v| = 5.528223e+00, cs = 1.039303e+01
...[level 1] timestep limited by HYDRO
...coarse timestep set by level 1
[Level 0 step 22] ADVANCE with time = 4.6602230946e-03 dt = 2.1593483171e-04
[Level 0 step 22] Advanced 262144 cells
[Level 1 step 43] ADVANCE with time = 4.6602230946e-03 dt = 1.0796741586e-04
[Level 1 step 43] Advanced 294912 cells
[Level 1 step 44] ADVANCE with time = 4.7681905105e-03 dt = 1.0796741586e-04
[Level 1 step 44] Advanced 294912 cells

Coarse STEP 23 at t = 0.004876157926 (9.752315853%) starts ...
...[level 0] estimated hydro timestep: 2.193103e-04
...[level 0] 	hydro timestep limited at cell (26, 28, 37) with signal speed = 2.137383e+01
...[level 0] 	cell density = 5.247591e-01, |v| = 5.393977e+00, cs = 1.037505e+01
...[level 0] timestep limited by HYDRO
...[level 1] estimated hydro timestep: 1.083663e-04
...[level 1] 	hydro timestep limited at cell (57, 52, 52) with signal speed = 2.162802e+01
...[level 1] 	cell density = 5.200731e-01, |v| = 5.451167e+00, cs = 1.038170e+01
...[level 1] timestep limited by HYDRO
...coarse timestep set by level 1
Creating new distribution map on level: 1
[Level 0 step 23] ADVANCE with time = 4.8761579264e-03 dt = 2.1673269011e-04
[Level 0 step 23] Advanced 262144 cells
[Level 1 step 45] ADVANCE with time = 4.8761579264e-03 dt = 1.0836634506e-04
[Level 1 step 45] Advanced 360448 cells
[Level 1 step 46] ADVANCE with time = 4.9845242714e-03 dt = 1.0836634506e-04
[Level 1 step 46] Advanced 360448 cells

Coarse STEP 24 at t = 0.005092890616 (10.18578123%) starts ...
...[level 0] estimated hydro timestep: 2.196646e-04
...[level 0] 	hydro timestep limited at cell (28, 27, 38) with signal speed = 2.133936e+01
...[level 0] 	cell density = 5.309717e-01, |v| = 5.355248e+00, cs = 1.033630e+01
...[level 0] timestep limited by HYDRO
...[level 1] estimated hydro timestep: 1.087294e-04
...[level 1] 	hydro timestep limited at cell (57, 52, 52) with signal speed = 2.155582e+01
...[level 1] 	cell density = 5.147346e-01, |v| = 5.394135e+00, cs = 1.037124e+01
...[level 1] timestep limited by HYDRO
...coarse timestep set by level 1
[Level 0 step 24] ADVANCE with time = 5.0928906165e-03 dt = 2.1745872149e-04
[Level 0 step 24] Advanced 262144 cells
[Level 1 step 47] ADVANCE with time = 5.0928906165e-03 dt = 1.0872936074e-04
[Level 1 step 47] Advanced 360448 cells
[Level 1 step 48] ADVANCE with time = 5.2016199772e-03 dt = 1.0872936074e-04
[Level 1 step 48] Advanced 360448 cells

Coarse STEP 25 at t = 0.005310349338 (10.62069868%) starts ...
...[level 0] estimated hydro timestep: 2.199377e-04
...[level 0] 	hydro timestep limited at cell (28, 27, 38) with signal speed = 2.131286e+01
...[level 0] 	cell density = 5.231740e-01, |v| = 5.313946e+00, cs = 1.033308e+01
...[level 0] timestep limited by HYDRO
...[level 1] estimated hydro timestep: 1.084602e-04
...[level 1] 	hydro timestep limited at cell (63, 77, 52) with signal speed = 2.160932e+01
...[level 1] 	cell density = 5.456137e-01, |v| = 5.446022e+00, cs = 1.044985e+01
...[level 1] timestep limited by HYDRO
...coarse timestep set by level 1
[Level 0 step 25] ADVANCE with time = 5.3103493380e-03 dt = 2.1692030721e-04
[Level 0 step 25] Advanced 262144 cells
[Level 1 step 49] ADVANCE with time = 5.3103493380e-03 dt = 1.0846015361e-04
[Level 1 step 49] Advanced 360448 cells
[Level 1 step 50] ADVANCE with time = 5.4188094916e-03 dt = 1.0846015361e-04
[Level 1 step 50] Advanced 360448 cells

Coarse STEP 26 at t = 0.005527269645 (11.05453929%) starts ...
...[level 0] estimated hydro timestep: 2.203793e-04
...[level 0] 	hydro timestep limited at cell (27, 28, 38) with signal speed = 2.127015e+01
...[level 0] 	cell density = 5.171010e-01, |v| = 5.273051e+00, cs = 1.032231e+01
...[level 0] timestep limited by HYDRO
...[level 1] estimated hydro timestep: 1.082572e-04
...[level 1] 	hydro timestep limited at cell (63, 77, 52) with signal speed = 2.164983e+01
...[level 1] 	cell density = 5.327306e-01, |v| = 5.404329e+00, cs = 1.046909e+01
...[level 1] timestep limited by HYDRO
...coarse timestep set by level 1
[Level 0 step 26] ADVANCE with time = 5.5272696452e-03 dt = 2.1651438346e-04
[Level 0 step 26] Advanced 262144 cells
[Level 1 step 51] ADVANCE with time = 5.5272696452e-03 dt = 1.0825719173e-04
[Level 1 step 51] Advanced 360448 cells
[Level 1 step 52] ADVANCE with time = 5.6355268369e-03 dt = 1.0825719173e-04
[Level 1 step 52] Advanced 360448 cells

Coarse STEP 27 at t = 0.005743784029 (11.48756806%) starts ...
...[level 0] estimated hydro timestep: 2.206922e-04
...[level 0] 	hydro timestep limited at cell (30, 25, 37) with signal speed = 2.123999e+01
...[level 0] 	cell density = 5.100036e-01, |v| = 5.161783e+00, cs = 1.035078e+01
...[level 0] timestep limited by HYDRO
...[level 1] estimated hydro timestep: 1.082299e-04
...[level 1] 	hydro timestep limited at cell (50, 64, 75) with signal speed = 2.165528e+01
...[level 1] 	cell density = 5.222284e-01, |v| = 5.372316e+00, cs = 1.045677e+01
...[level 1] timestep limited by HYDRO
...coarse timestep set by level 1
[Level 0 step 27] ADVANCE with time = 5.7437840286e-03 dt = 2.1645988090e-04
[Level 0 step 27] Advanced 262144 cells
[Level 1 step 53] ADVANCE with time = 5.7437840286e-03 dt = 1.0822994045e-04
[Level 1 step 53] Advanced 360448 cells
[Level 1 step 54] ADVANCE with time = 5.8520139691e-03 dt = 1.0822994045e-04
[Level 1 step 54] Advanced 360448 cells

Coarse STEP 28 at t = 0.00596024391 (11.92048782%) starts ...
...[level 0] estimated hydro timestep: 2.205364e-04
...[level 0] 	hydro timestep limited at cell (34, 37, 25) with signal speed = 2.125499e+01
...[level 0] 	cell density = 5.179973e-01, |v| = 5.330675e+00, cs = 1.016009e+01
...[level 0] timestep limited by HYDRO
...[level 1] estimated hydro timestep: 1.083988e-04
...[level 1] 	hydro timestep limited at cell (64, 50, 75) with signal speed = 2.162155e+01
...[level 1] 	cell density = 5.129540e-01, |v| = 5.328994e+00, cs = 1.041809e+01
...[level 1] timestep limited by HYDRO
...coarse timestep set by level 1
[Level 0 step 28] ADVANCE with time = 5.9602439095e-03 dt = 2.1679763703e-04
[Level 0 step 28] Advanced 262144 cells
[Level 1 step 55] ADVANCE with time = 5.9602439095e-03 dt = 1.0839881852e-04
[Level 1 step 55] Advanced 360448 cells
[Level 1 step 56] ADVANCE with time = 6.0686427280e-03 dt = 1.0839881852e-04
[Level 1 step 56] Advanced 360448 cells

Coarse STEP 29 at t = 0.006177041547 (12.35408309%) starts ...
...[level 0] estimated hydro timestep: 2.205159e-04
...[level 0] 	hydro timestep limited at cell (37, 34, 38) with signal speed = 2.125697e+01
...[level 0] 	cell density = 5.086268e-01, |v| = 5.292937e+00, cs = 1.017976e+01
...[level 0] timestep limited by HYDRO
...[level 1] estimated hydro timestep: 1.085476e-04
...[level 1] 	hydro timestep limited at cell (78, 63, 74) with signal speed = 2.159190e+01
...[level 1] 	cell density = 5.067164e-01, |v| = 5.333292e+00, cs = 1.039972e+01
...[level 1] timestep limited by HYDRO
...coarse timestep set by level 1
[Level 0 step 29] ADVANCE with time = 6.1770415466e-03 dt = 2.1709528201e-04
[Level 0 step 29] Advanced 262144 cells
[Level 1 step 57] ADVANCE with time = 6.1770415466e-03 dt = 1.0854764100e-04
[Level 1 step 57] Advanced 360448 cells
[Level 1 step 58] ADVANCE with time = 6.2855891876e-03 dt = 1.0854764100e-04
[Level 1 step 58] Advanced 360448 cells

Coarse STEP 30 at t = 0.006394136829 (12.78827366%) starts ...
...[level 0] estimated hydro timestep: 2.207776e-04
...[level 0] 	hydro timestep limited at cell (37, 34, 38) with signal speed = 2.123178e+01
...[level 0] 	cell density = 5.009685e-01, |v| = 5.256967e+00, cs = 1.017644e+01
...[level 0] timestep limited by HYDRO
...[level 1] estimated hydro timestep: 1.088071e-04
...[level 1] 	hydro timestep limited at cell (77, 62, 75) with signal speed = 2.154042e+01
...[level 1] 	cell density = 5.066044e-01, |v| = 5.242662e+00, cs = 1.046013e+01
...[level 1] timestep limited by HYDRO
...coarse timestep set by level 1
[Level 0 step 30] ADVANCE with time = 6.3941368286e-03 dt = 2.1761410673e-04
[Level 0 step 30] Advanced 262144 cells
[Level 1 step 59] ADVANCE with time = 6.3941368286e-03 dt = 1.0880705337e-04
[Level 1 step 59] Advanced 360448 cells
[Level 1 step 60] ADVANCE with time = 6.5029438819e-03 dt = 1.0880705337e-04
[Level 1 step 60] Advanced 360448 cells

Coarse STEP 31 at t = 0.006611750935 (13.22350187%) starts ...
...[level 0] estimated hydro timestep: 2.211668e-04
...[level 0] 	hydro timestep limited at cell (34, 37, 38) with signal speed = 2.119441e+01
...[level 0] 	cell density = 4.946110e-01, |v| = 5.224157e+00, cs = 1.016472e+01
...[level 0] timestep limited by HYDRO
...[level 1] estimated hydro timestep: 1.089624e-04
...[level 1] 	hydro timestep limited at cell (77, 62, 75) with signal speed = 2.150971e+01
...[level 1] 	cell density = 4.994748e-01, |v| = 5.203772e+00, cs = 1.042587e+01
...[level 1] timestep limited by HYDRO
...coarse timestep set by level 1
Creating new distribution map on level: 1
[Level 0 step 31] ADVANCE with time = 6.6117509353e-03 dt = 2.1792486368e-04
[Level 0 step 31] Advanced 262144 cells
[Level 1 step 61] ADVANCE with time = 6.6117509353e-03 dt = 1.0896243184e-04
[Level 1 step 61] Advanced 425984 cells
[Level 1 step 62] ADVANCE with time = 6.7207133671e-03 dt = 1.0896243184e-04
[Level 1 step 62] Advanced 425984 cells

Coarse STEP 32 at t = 0.006829675799 (13.6593516%) starts ...
...[level 0] estimated hydro timestep: 2.216600e-04
...[level 0] 	hydro timestep limited at cell (37, 34, 38) with signal speed = 2.114725e+01
...[level 0] 	cell density = 4.894083e-01, |v| = 5.192241e+00, cs = 1.014934e+01
...[level 0] timestep limited by HYDRO
...[level 1] estimated hydro timestep: 1.089872e-04
...[level 1] 	hydro timestep limited at cell (50, 65, 76) with signal speed = 2.150482e+01
...[level 1] 	cell density = 5.131862e-01, |v| = 5.384603e+00, cs = 1.016679e+01
...[level 1] timestep limited by HYDRO
...coarse timestep set by level 1
[Level 0 step 32] ADVANCE with time = 6.8296757990e-03 dt = 2.1797443055e-04
[Level 0 step 32] Advanced 262144 cells
[Level 1 step 63] ADVANCE with time = 6.8296757990e-03 dt = 1.0898721527e-04
[Level 1 step 63] Advanced 425984 cells
[Level 1 step 64] ADVANCE with time = 6.9386630142e-03 dt = 1.0898721527e-04
[Level 1 step 64] Advanced 425984 cells

Coarse STEP 33 at t = 0.00704765023 (14.09530046%) starts ...
...[level 0] estimated hydro timestep: 2.214150e-04
...[level 0] 	hydro timestep limited at cell (27, 29, 39) with signal speed = 2.117065e+01
...[level 0] 	cell density = 5.117599e-01, |v| = 5.360313e+00, cs = 9.931211e+00
...[level 0] timestep limited by HYDRO
...[level 1] estimated hydro timestep: 1.087515e-04
...[level 1] 	hydro timestep limited at cell (50, 65, 76) with signal speed = 2.155143e+01
...[level 1] 	cell density = 5.043221e-01, |v| = 5.354097e+00, cs = 1.022128e+01
...[level 1] timestep limited by HYDRO
...coarse timestep set by level 1
Creating new distribution map on level: 1
[Level 0 step 33] ADVANCE with time = 7.0476502295e-03 dt = 2.1750300788e-04
[Level 0 step 33] Advanced 262144 cells
[Level 1 step 65] ADVANCE with time = 7.0476502295e-03 dt = 1.0875150394e-04
[Level 1 step 65] Advanced 528384 cells
[Level 1 step 66] ADVANCE with time = 7.1564017335e-03 dt = 1.0875150394e-04
[Level 1 step 66] Advanced 528384 cells

Coarse STEP 34 at t = 0.007265153237 (14.53030647%) starts ...
...[level 0] estimated hydro timestep: 2.208364e-04
...[level 0] 	hydro timestep limited at cell (27, 29, 39) with signal speed = 2.122612e+01
...[level 0] 	cell density = 4.990569e-01, |v| = 5.323098e+00, cs = 9.987198e+00
...[level 0] timestep limited by HYDRO
...[level 1] estimated hydro timestep: 1.087292e-04
...[level 1] 	hydro timestep limited at cell (50, 65, 76) with signal speed = 2.155585e+01
...[level 1] 	cell density = 4.974855e-01, |v| = 5.319552e+00, cs = 1.024834e+01
...[level 1] timestep limited by HYDRO
...coarse timestep set by level 1
[Level 0 step 34] ADVANCE with time = 7.2651532374e-03 dt = 2.1745838529e-04
[Level 0 step 34] Advanced 262144 cells
[Level 1 step 67] ADVANCE with time = 7.2651532374e-03 dt = 1.0872919265e-04
[Level 1 step 67] Advanced 528384 cells
[Level 1 step 68] ADVANCE with time = 7.3738824300e-03 dt = 1.0872919265e-04
[Level 1 step 68] Advanced 528384 cells

Coarse STEP 35 at t = 0.007482611623 (14.96522325%) starts ...
...[level 0] estimated hydro timestep: 2.206923e-04
...[level 0] 	hydro timestep limited at cell (27, 29, 39) with signal speed = 2.123998e+01
...[level 0] 	cell density = 4.891748e-01, |v| = 5.284114e+00, cs = 1.001344e+01
...[level 0] timestep limited by HYDRO
...[level 1] estimated hydro timestep: 1.088694e-04
...[level 1] 	hydro timestep limited at cell (50, 65, 76) with signal speed = 2.152809e+01
...[level 1] 	cell density = 4.909137e-01, |v| = 5.285405e+00, cs = 1.024143e+01
...[level 1] timestep limited by HYDRO
...coarse timestep set by level 1
Creating new distribution map on level: 1
[Level 0 step 35] ADVANCE with time = 7.4826116227e-03 dt = 2.1773875176e-04
[Level 0 step 35] Advanced 262144 cells
[Level 1 step 69] ADVANCE with time = 7.4826116227e-03 dt = 1.0886937588e-04
[Level 1 step 69] Advanced 565248 cells
[Level 1 step 70] ADVANCE with time = 7.5914809986e-03 dt = 1.0886937588e-04
[Level 1 step 70] Advanced 565248 cells

Coarse STEP 36 at t = 0.007700350374 (15.40070075%) starts ...
...[level 0] estimated hydro timestep: 2.207939e-04
...[level 0] 	hydro timestep limited at cell (27, 29, 39) with signal speed = 2.123020e+01
...[level 0] 	cell density = 4.814791e-01, |v| = 5.247270e+00, cs = 1.002293e+01
...[level 0] timestep limited by HYDRO
...[level 1] estimated hydro timestep: 1.090256e-04
...[level 1] 	hydro timestep limited at cell (50, 65, 76) with signal speed = 2.149724e+01
...[level 1] 	cell density = 4.837429e-01, |v| = 5.256978e+00, cs = 1.022307e+01
...[level 1] timestep limited by HYDRO
...coarse timestep set by level 1
[Level 0 step 36] ADVANCE with time = 7.7003503745e-03 dt = 2.1805127186e-04
[Level 0 step 36] Advanced 262144 cells
[Level 1 step 71] ADVANCE with time = 7.7003503745e-03 dt = 1.0902563593e-04
[Level 1 step 71] Advanced 565248 cells
[Level 1 step 72] ADVANCE with time = 7.8093760104e-03 dt = 1.0902563593e-04
[Level 1 step 72] Advanced 565248 cells

Coarse STEP 37 at t = 0.007918401646 (15.83680329%) starts ...
...[level 0] estimated hydro timestep: 2.209548e-04
...[level 0] 	hydro timestep limited at cell (27, 29, 39) with signal speed = 2.121474e+01
...[level 0] 	cell density = 4.750263e-01, |v| = 5.213060e+00, cs = 1.003014e+01
...[level 0] timestep limited by HYDRO
...[level 1] estimated hydro timestep: 1.092541e-04
...[level 1] 	hydro timestep limited at cell (50, 65, 76) with signal speed = 2.145229e+01
...[level 1] 	cell density = 4.771132e-01, |v| = 5.224839e+00, cs = 1.019600e+01
...[level 1] timestep limited by HYDRO
...coarse timestep set by level 1
[Level 0 step 37] ADVANCE with time = 7.9184016463e-03 dt = 2.1850818285e-04
[Level 0 step 37] Advanced 262144 cells
[Level 1 step 73] ADVANCE with time = 7.9184016463e-03 dt = 1.0925409142e-04
[Level 1 step 73] Advanced 565248 cells
[Level 1 step 74] ADVANCE with time = 8.0276557377e-03 dt = 1.0925409142e-04
[Level 1 step 74] Advanced 565248 cells

Coarse STEP 38 at t = 0.008136909829 (16.27381966%) starts ...
...[level 0] estimated hydro timestep: 2.211889e-04
...[level 0] 	hydro timestep limited at cell (34, 36, 39) with signal speed = 2.119229e+01
...[level 0] 	cell density = 4.695596e-01, |v| = 5.178770e+00, cs = 1.003588e+01
...[level 0] timestep limited by HYDRO
...[level 1] estimated hydro timestep: 1.094994e-04
...[level 1] 	hydro timestep limited at cell (50, 65, 76) with signal speed = 2.140422e+01
...[level 1] 	cell density = 4.717673e-01, |v| = 5.191257e+00, cs = 1.017213e+01
...[level 1] timestep limited by HYDRO
...coarse timestep set by level 1
[Level 0 step 38] ADVANCE with time = 8.1369098292e-03 dt = 2.1899885908e-04
[Level 0 step 38] Advanced 262144 cells
[Level 1 step 75] ADVANCE with time = 8.1369098292e-03 dt = 1.0949942954e-04
[Level 1 step 75] Advanced 565248 cells
[Level 1 step 76] ADVANCE with time = 8.2464092587e-03 dt = 1.0949942954e-04
[Level 1 step 76] Advanced 565248 cells

Coarse STEP 39 at t = 0.008355908688 (16.71181738%) starts ...
...[level 0] estimated hydro timestep: 2.215160e-04
...[level 0] 	hydro timestep limited at cell (36, 34, 39) with signal speed = 2.116100e+01
...[level 0] 	cell density = 4.645824e-01, |v| = 5.141872e+00, cs = 1.003884e+01
...[level 0] timestep limited by HYDRO
...[level 1] estimated hydro timestep: 1.097553e-04
...[level 1] 	hydro timestep limited at cell (50, 65, 76) with signal speed = 2.135432e+01
...[level 1] 	cell density = 4.674089e-01, |v| = 5.154717e+00, cs = 1.015535e+01
...[level 1] timestep limited by HYDRO
...coarse timestep set by level 1
Creating new distribution map on level: 1
[Level 0 step 39] ADVANCE with time = 8.3559086882e-03 dt = 2.1951060630e-04
[Level 0 step 39] Advanced 262144 cells
[Level 1 step 77] ADVANCE with time = 8.3559086882e-03 dt = 1.0975530315e-04
[Level 1 step 77] Advanced 610304 cells
[Level 1 step 78] ADVANCE with time = 8.4656639914e-03 dt = 1.0975530315e-04
[Level 1 step 78] Advanced 610304 cells

Coarse STEP 40 at t = 0.008575419295 (17.15083859%) starts ...
...[level 0] estimated hydro timestep: 2.219384e-04
...[level 0] 	hydro timestep limited at cell (34, 36, 39) with signal speed = 2.112073e+01
...[level 0] 	cell density = 4.598704e-01, |v| = 5.102311e+00, cs = 1.003617e+01
...[level 0] timestep limited by HYDRO
...[level 1] estimated hydro timestep: 1.100024e-04
...[level 1] 	hydro timestep limited at cell (73, 67, 79) with signal speed = 2.130636e+01
...[level 1] 	cell density = 4.650540e-01, |v| = 5.213155e+00, cs = 9.974798e+00
...[level 1] timestep limited by HYDRO
...coarse timestep set by level 1
[Level 0 step 40] ADVANCE with time = 8.5754192945e-03 dt = 2.2000472255e-04
[Level 0 step 40] Advanced 262144 cells
[Level 1 step 79] ADVANCE with time = 8.5754192945e-03 dt = 1.1000236127e-04
[Level 1 step 79] Advanced 610304 cells
[Level 1 step 80] ADVANCE with time = 8.6854216558e-03 dt = 1.1000236127e-04
[Level 1 step 80] Advanced 610304 cells

Coarse STEP 41 at t = 0.008795424017 (17.59084803%) starts ...
...[level 0] estimated hydro timestep: 2.224268e-04
...[level 0] 	hydro timestep limited at cell (36, 34, 39) with signal speed = 2.107435e+01
...[level 0] 	cell density = 4.552961e-01, |v| = 5.061627e+00, cs = 1.002820e+01
...[level 0] timestep limited by HYDRO
...[level 1] estimated hydro timestep: 1.102069e-04
...[level 1] 	hydro timestep limited at cell (73, 67, 79) with signal speed = 2.126681e+01
...[level 1] 	cell density = 4.597901e-01, |v| = 5.173728e+00, cs = 9.968012e+00
...[level 1] timestep limited by HYDRO
...coarse timestep set by level 1
Creating new distribution map on level: 1
[Level 0 step 41] ADVANCE with time = 8.7954240171e-03 dt = 2.2041389631e-04
[Level 0 step 41] Advanced 262144 cells
[Level 1 step 81] ADVANCE with time = 8.7954240171e-03 dt = 1.1020694815e-04
[Level 1 step 81] Advanced 626688 cells
[Level 1 step 82] ADVANCE with time = 8.9056309652e-03 dt = 1.1020694815e-04
[Level 1 step 82] Advanced 626688 cells

Coarse STEP 42 at t = 0.009015837913 (18.03167583%) starts ...
...[level 0] estimated hydro timestep: 2.229787e-04
...[level 0] 	hydro timestep limited at cell (36, 34, 39) with signal speed = 2.102219e+01
...[level 0] 	cell density = 4.508050e-01, |v| = 5.020425e+00, cs = 1.001570e+01
...[level 0] timestep limited by HYDRO
...[level 1] estimated hydro timestep: 1.103527e-04
...[level 1] 	hydro timestep limited at cell (71, 68, 80) with signal speed = 2.123871e+01
...[level 1] 	cell density = 4.705674e-01, |v| = 5.253325e+00, cs = 9.820965e+00
...[level 1] timestep limited by HYDRO
...coarse timestep set by level 1
[Level 0 step 42] ADVANCE with time = 9.0158379134e-03 dt = 2.2070544896e-04
[Level 0 step 42] Advanced 262144 cells
[Level 1 step 83] ADVANCE with time = 9.0158379134e-03 dt = 1.1035272448e-04
[Level 1 step 83] Advanced 626688 cells
[Level 1 step 84] ADVANCE with time = 9.1261906379e-03 dt = 1.1035272448e-04
[Level 1 step 84] Advanced 626688 cells

Coarse STEP 43 at t = 0.009236543362 (18.47308672%) starts ...
...[level 0] estimated hydro timestep: 2.235981e-04
...[level 0] 	hydro timestep limited at cell (36, 34, 39) with signal speed = 2.096395e+01
...[level 0] 	cell density = 4.464697e-01, |v| = 4.979619e+00, cs = 9.998723e+00
...[level 0] timestep limited by HYDRO
...[level 1] estimated hydro timestep: 1.102676e-04
...[level 1] 	hydro timestep limited at cell (71, 68, 80) with signal speed = 2.125512e+01
...[level 1] 	cell density = 4.639903e-01, |v| = 5.233157e+00, cs = 9.831162e+00
...[level 1] timestep limited by HYDRO
...coarse timestep set by level 1
Creating new distribution map on level: 1
[Level 0 step 43] ADVANCE with time = 9.2365433624e-03 dt = 2.2053512626e-04
[Level 0 step 43] Advanced 262144 cells
[Level 1 step 85] ADVANCE with time = 9.2365433624e-03 dt = 1.1026756313e-04
[Level 1 step 85] Advanced 655360 cells
[Level 1 step 86] ADVANCE with time = 9.3468109255e-03 dt = 1.1026756313e-04
[Level 1 step 86] Advanced 655360 cells

Coarse STEP 44 at t = 0.009457078489 (18.91415698%) starts ...
...[level 0] estimated hydro timestep: 2.240192e-04
...[level 0] 	hydro timestep limited at cell (30, 26, 39) with signal speed = 2.092455e+01
...[level 0] 	cell density = 4.523509e-01, |v| = 5.026530e+00, cs = 9.865264e+00
...[level 0] timestep limited by HYDRO
...[level 1] estimated hydro timestep: 1.102794e-04
...[level 1] 	hydro timestep limited at cell (59, 56, 80) with signal speed = 2.125284e+01
...[level 1] 	cell density = 4.575377e-01, |v| = 5.205454e+00, cs = 9.832129e+00
...[level 1] timestep limited by HYDRO
...coarse timestep set by level 1
[Level 0 step 44] ADVANCE with time = 9.4570784886e-03 dt = 2.2055877513e-04
[Level 0 step 44] Advanced 262144 cells
[Level 1 step 87] ADVANCE with time = 9.4570784886e-03 dt = 1.1027938757e-04
[Level 1 step 87] Advanced 655360 cells
[Level 1 step 88] ADVANCE with time = 9.5673578762e-03 dt = 1.1027938757e-04
[Level 1 step 88] Advanced 655360 cells

Coarse STEP 45 at t = 0.009677637264 (19.35527453%) starts ...
...[level 0] estimated hydro timestep: 2.244906e-04
...[level 0] 	hydro timestep limited at cell (30, 26, 39) with signal speed = 2.088060e+01
...[level 0] 	cell density = 4.474010e-01, |v| = 4.994446e+00, cs = 9.861009e+00
...[level 0] timestep limited by HYDRO
...[level 1] estimated hydro timestep: 1.103785e-04
...[level 1] 	hydro timestep limited at cell (59, 56, 80) with signal speed = 2.123375e+01
...[level 1] 	cell density = 4.512178e-01, |v| = 5.169013e+00, cs = 9.826479e+00
...[level 1] timestep limited by HYDRO
...coarse timestep set by level 1
[Level 0 step 45] ADVANCE with time = 9.6776372638e-03 dt = 2.2075704388e-04
[Level 0 step 45] Advanced 262144 cells
[Level 1 step 89] ADVANCE with time = 9.6776372638e-03 dt = 1.1037852194e-04
[Level 1 step 89] Advanced 655360 cells
[Level 1 step 90] ADVANCE with time = 9.7880157857e-03 dt = 1.1037852194e-04
[Level 1 step 90] Advanced 655360 cells

Coarse STEP 46 at t = 0.009898394308 (19.79678862%) starts ...
...[level 0] estimated hydro timestep: 2.250083e-04
...[level 0] 	hydro timestep limited at cell (37, 33, 39) with signal speed = 2.083257e+01
...[level 0] 	cell density = 4.432328e-01, |v| = 4.964700e+00, cs = 9.853172e+00
...[level 0] timestep limited by HYDRO
...[level 1] estimated hydro timestep: 1.105700e-04
...[level 1] 	hydro timestep limited at cell (59, 56, 80) with signal speed = 2.119698e+01
...[level 1] 	cell density = 4.450746e-01, |v| = 5.124716e+00, cs = 9.815448e+00
...[level 1] timestep limited by HYDRO
...coarse timestep set by level 1
[Level 0 step 46] ADVANCE with time = 9.8983943076e-03 dt = 2.2114002471e-04
[Level 0 step 46] Advanced 262144 cells
[Level 1 step 91] ADVANCE with time = 9.8983943076e-03 dt = 1.1057001235e-04
[Level 1 step 91] Advanced 655360 cells
[Level 1 step 92] ADVANCE with time = 1.0008964320e-02 dt = 1.1057001235e-04
[Level 1 step 92] Advanced 655360 cells

Coarse STEP 47 at t = 0.01011953433 (20.23906866%) starts ...
...[level 0] estimated hydro timestep: 2.255376e-04
...[level 0] 	hydro timestep limited at cell (37, 33, 39) with signal speed = 2.078367e+01
...[level 0] 	cell density = 4.395017e-01, |v| = 4.936347e+00, cs = 9.843936e+00
...[level 0] timestep limited by HYDRO
...[level 1] estimated hydro timestep: 1.108432e-04
...[level 1] 	hydro timestep limited at cell (59, 56, 80) with signal speed = 2.114473e+01
...[level 1] 	cell density = 4.391282e-01, |v| = 5.075864e+00, cs = 9.799703e+00
...[level 1] timestep limited by HYDRO
...coarse timestep set by level 1
[Level 0 step 47] ADVANCE with time = 1.0119534332e-02 dt = 2.2168649474e-04
[Level 0 step 47] Advanced 262144 cells
[Level 1 step 93] ADVANCE with time = 1.0119534332e-02 dt = 1.1084324737e-04
[Level 1 step 93] Advanced 655360 cells
[Level 1 step 94] ADVANCE with time = 1.0230377580e-02 dt = 1.1084324737e-04
[Level 1 step 94] Advanced 655360 cells

Coarse STEP 48 at t = 0.01034122083 (20.68244165%) starts ...
...[level 0] estimated hydro timestep: 2.260878e-04
...[level 0] 	hydro timestep limited at cell (37, 33, 39) with signal speed = 2.073309e+01
...[level 0] 	cell density = 4.360453e-01, |v| = 4.909064e+00, cs = 9.832323e+00
...[level 0] timestep limited by HYDRO
...[level 1] estimated hydro timestep: 1.111578e-04
...[level 1] 	hydro timestep limited at cell (56, 59, 80) with signal speed = 2.108489e+01
...[level 1] 	cell density = 4.333612e-01, |v| = 5.026430e+00, cs = 9.781433e+00
...[level 1] timestep limited by HYDRO
...coarse timestep set by level 1
[Level 0 step 48] ADVANCE with time = 1.0341220827e-02 dt = 2.2231560530e-04
[Level 0 step 48] Advanced 262144 cells
[Level 1 step 95] ADVANCE with time = 1.0341220827e-02 dt = 1.1115780265e-04
[Level 1 step 95] Advanced 655360 cells
[Level 1 step 96] ADVANCE with time = 1.0452378630e-02 dt = 1.1115780265e-04
[Level 1 step 96] Advanced 655360 cells

Coarse STEP 49 at t = 0.01056353643 (21.12707286%) starts ...
...[level 0] estimated hydro timestep: 2.263071e-04
...[level 0] 	hydro timestep limited at cell (34, 34, 40) with signal speed = 2.071301e+01
...[level 0] 	cell density = 4.282888e-01, |v| = 4.458095e+00, cs = 9.753587e+00
...[level 0] timestep limited by HYDRO
...[level 1] estimated hydro timestep: 1.114722e-04
...[level 1] 	hydro timestep limited at cell (56, 59, 80) with signal speed = 2.102542e+01
...[level 1] 	cell density = 4.278338e-01, |v| = 4.979365e+00, cs = 9.761723e+00
...[level 1] timestep limited by HYDRO
...coarse timestep set by level 1
[Level 0 step 49] ADVANCE with time = 1.0563536432e-02 dt = 2.2294443906e-04
[Level 0 step 49] Advanced 262144 cells
[Level 1 step 97] ADVANCE with time = 1.0563536432e-02 dt = 1.1147221953e-04
[Level 1 step 97] Advanced 655360 cells
[Level 1 step 98] ADVANCE with time = 1.0675008652e-02 dt = 1.1147221953e-04
[Level 1 step 98] Advanced 655360 cells

Coarse STEP 50 at t = 0.01078648087 (21.57296174%) starts ...
...[level 0] estimated hydro timestep: 2.264560e-04
...[level 0] 	hydro timestep limited at cell (35, 33, 40) with signal speed = 2.069938e+01
...[level 0] 	cell density = 4.279620e-01, |v| = 4.483957e+00, cs = 9.508317e+00
...[level 0] timestep limited by HYDRO
...[level 1] estimated hydro timestep: 1.117783e-04
...[level 1] 	hydro timestep limited at cell (56, 59, 80) with signal speed = 2.096785e+01
...[level 1] 	cell density = 4.227670e-01, |v| = 4.936302e+00, cs = 9.739440e+00
...[level 1] timestep limited by HYDRO
...coarse timestep set by level 1
[Level 0 step 50] ADVANCE with time = 1.0786480871e-02 dt = 2.2355650692e-04
[Level 0 step 50] Advanced 262144 cells
[Level 1 step 99] ADVANCE with time = 1.0786480871e-02 dt = 1.1177825346e-04
[Level 1 step 99] Advanced 655360 cells
[Level 1 step 100] ADVANCE with time = 1.0898259125e-02 dt = 1.1177825346e-04
[Level 1 step 100] Advanced 655360 cells

Coarse STEP 51 at t = 0.01101003738 (22.02007476%) starts ...
...[level 0] estimated hydro timestep: 2.266153e-04
...[level 0] 	hydro timestep limited at cell (35, 33, 40) with signal speed = 2.068483e+01
...[level 0] 	cell density = 4.213589e-01, |v| = 4.452053e+00, cs = 9.490871e+00
...[level 0] timestep limited by HYDRO
...[level 1] estimated hydro timestep: 1.120635e-04
...[level 1] 	hydro timestep limited at cell (56, 59, 80) with signal speed = 2.091449e+01
...[level 1] 	cell density = 4.180750e-01, |v| = 4.897158e+00, cs = 9.715642e+00
...[level 1] timestep limited by HYDRO
...coarse timestep set by level 1
[Level 0 step 51] ADVANCE with time = 1.1010037378e-02 dt = 2.2412694864e-04
[Level 0 step 51] Advanced 262144 cells
[Level 1 step 101] ADVANCE with time = 1.1010037378e-02 dt = 1.1206347432e-04
[Level 1 step 101] Advanced 655360 cells
[Level 1 step 102] ADVANCE with time = 1.1122100853e-02 dt = 1.1206347432e-04
[Level 1 step 102] Advanced 655360 cells

Coarse STEP 52 at t = 0.01123416433 (22.46832865%) starts ...
...[level 0] estimated hydro timestep: 2.267944e-04
...[level 0] 	hydro timestep limited at cell (35, 33, 40) with signal speed = 2.066850e+01
...[level 0] 	cell density = 4.150898e-01, |v| = 4.419675e+00, cs = 9.471492e+00
...[level 0] timestep limited by HYDRO
...[level 1] estimated hydro timestep: 1.123418e-04
...[level 1] 	hydro timestep limited at cell (56, 59, 80) with signal speed = 2.086268e+01
...[level 1] 	cell density = 4.134959e-01, |v| = 4.858667e+00, cs = 9.690739e+00
...[level 1] timestep limited by HYDRO
...coarse timestep set by level 1
[Level 0 step 52] ADVANCE with time = 1.1234164327e-02 dt = 2.2468351234e-04
[Level 0 step 52] Advanced 262144 cells
[Level 1 step 103] ADVANCE with time = 1.1234164327e-02 dt = 1.1234175617e-04
[Level 1 step 103] Advanced 655360 cells
[Level 1 step 104] ADVANCE with time = 1.1346506083e-02 dt = 1.1234175617e-04
[Level 1 step 104] Advanced 655360 cells

Coarse STEP 53 at t = 0.01145884784 (22.91769568%) starts ...
...[level 0] estimated hydro timestep: 2.269728e-04
...[level 0] 	hydro timestep limited at cell (29, 28, 40) with signal speed = 2.065225e+01
...[level 0] 	cell density = 4.160240e-01, |v| = 4.674889e+00, cs = 9.391116e+00
...[level 0] timestep limited by HYDRO
...[level 1] estimated hydro timestep: 1.124483e-04
...[level 1] 	hydro timestep limited at cell (58, 58, 46) with signal speed = 2.084292e+01
...[level 1] 	cell density = 4.034539e-01, |v| = 4.434642e+00, cs = 9.383157e+00
...[level 1] timestep limited by HYDRO
...coarse timestep set by level 1
[Level 0 step 53] ADVANCE with time = 1.1458847839e-02 dt = 2.2489651996e-04
[Level 0 step 53] Advanced 262144 cells
[Level 1 step 105] ADVANCE with time = 1.1458847839e-02 dt = 1.1244825998e-04
[Level 1 step 105] Advanced 655360 cells
[Level 1 step 106] ADVANCE with time = 1.1571296099e-02 dt = 1.1244825998e-04
[Level 1 step 106] Advanced 655360 cells

Coarse STEP 54 at t = 0.01168374436 (23.36748872%) starts ...
...[level 0] estimated hydro timestep: 2.271602e-04
...[level 0] 	hydro timestep limited at cell (35, 34, 40) with signal speed = 2.063522e+01
...[level 0] 	cell density = 4.086591e-01, |v| = 4.623408e+00, cs = 9.390267e+00
...[level 0] timestep limited by HYDRO
...[level 1] estimated hydro timestep: 1.125630e-04
...[level 1] 	hydro timestep limited at cell (69, 69, 81) with signal speed = 2.082167e+01
...[level 1] 	cell density = 3.976040e-01, |v| = 4.394146e+00, cs = 9.363972e+00
...[level 1] timestep limited by HYDRO
...coarse timestep set by level 1
[Level 0 step 54] ADVANCE with time = 1.1683744359e-02 dt = 2.2512607800e-04
[Level 0 step 54] Advanced 262144 cells
[Level 1 step 107] ADVANCE with time = 1.1683744359e-02 dt = 1.1256303900e-04
[Level 1 step 107] Advanced 655360 cells
[Level 1 step 108] ADVANCE with time = 1.1796307398e-02 dt = 1.1256303900e-04
[Level 1 step 108] Advanced 655360 cells

Coarse STEP 55 at t = 0.01190887044 (23.81774087%) starts ...
...[level 0] estimated hydro timestep: 2.274642e-04
...[level 0] 	hydro timestep limited at cell (28, 29, 40) with signal speed = 2.060764e+01
...[level 0] 	cell density = 4.017926e-01, |v| = 4.571746e+00, cs = 9.383996e+00
...[level 0] timestep limited by HYDRO
...[level 1] estimated hydro timestep: 1.127252e-04
...[level 1] 	hydro timestep limited at cell (69, 69, 81) with signal speed = 2.079171e+01
...[level 1] 	cell density = 3.914251e-01, |v| = 4.354056e+00, cs = 9.336336e+00
...[level 1] timestep limited by HYDRO
...coarse timestep set by level 1
Creating new distribution map on level: 1
[Level 0 step 55] ADVANCE with time = 1.1908870437e-02 dt = 2.2545044431e-04
[Level 0 step 55] Advanced 262144 cells
[Level 1 step 109] ADVANCE with time = 1.1908870437e-02 dt = 1.1272522216e-04
[Level 1 step 109] Advanced 679936 cells
[Level 1 step 110] ADVANCE with time = 1.2021595659e-02 dt = 1.1272522216e-04
[Level 1 step 110] Advanced 679936 cells

Coarse STEP 56 at t = 0.01213432088 (24.26864176%) starts ...
...[level 0] estimated hydro timestep: 2.278456e-04
...[level 0] 	hydro timestep limited at cell (35, 34, 40) with signal speed = 2.057314e+01
...[level 0] 	cell density = 3.953354e-01, |v| = 4.521149e+00, cs = 9.374458e+00
...[level 0] timestep limited by HYDRO
...[level 1] estimated hydro timestep: 1.129335e-04
...[level 1] 	hydro timestep limited at cell (58, 58, 81) with signal speed = 2.075336e+01
...[level 1] 	cell density = 3.851253e-01, |v| = 4.312045e+00, cs = 9.303803e+00
...[level 1] timestep limited by HYDRO
...coarse timestep set by level 1
[Level 0 step 56] ADVANCE with time = 1.2134320882e-02 dt = 2.2586702888e-04
[Level 0 step 56] Advanced 262144 cells
[Level 1 step 111] ADVANCE with time = 1.2134320882e-02 dt = 1.1293351444e-04
[Level 1 step 111] Advanced 679936 cells
[Level 1 step 112] ADVANCE with time = 1.2247254396e-02 dt = 1.1293351444e-04
[Level 1 step 112] Advanced 679936 cells

Coarse STEP 57 at t = 0.01236018791 (24.72037582%) starts ...
...[level 0] estimated hydro timestep: 2.282842e-04
...[level 0] 	hydro timestep limited at cell (29, 28, 40) with signal speed = 2.053362e+01
...[level 0] 	cell density = 3.892247e-01, |v| = 4.471993e+00, cs = 9.360994e+00
...[level 0] timestep limited by HYDRO
...[level 1] estimated hydro timestep: 1.132153e-04
...[level 1] 	hydro timestep limited at cell (58, 58, 81) with signal speed = 2.070172e+01
...[level 1] 	cell density = 3.788329e-01, |v| = 4.260467e+00, cs = 9.266748e+00
...[level 1] timestep limited by HYDRO
...coarse timestep set by level 1
[Level 0 step 57] ADVANCE with time = 1.2360187910e-02 dt = 2.2643050103e-04
[Level 0 step 57] Advanced 262144 cells
[Level 1 step 113] ADVANCE with time = 1.2360187910e-02 dt = 1.1321525051e-04
[Level 1 step 113] Advanced 679936 cells
[Level 1 step 114] ADVANCE with time = 1.2473403161e-02 dt = 1.1321525051e-04
[Level 1 step 114] Advanced 679936 cells

Coarse STEP 58 at t = 0.01258661841 (25.17323682%) starts ...
...[level 0] estimated hydro timestep: 2.287809e-04
...[level 0] 	hydro timestep limited at cell (34, 35, 40) with signal speed = 2.048904e+01
...[level 0] 	cell density = 3.833784e-01, |v| = 4.422553e+00, cs = 9.342069e+00
...[level 0] timestep limited by HYDRO
...[level 1] estimated hydro timestep: 1.135062e-04
...[level 1] 	hydro timestep limited at cell (57, 60, 80) with signal speed = 2.064866e+01
...[level 1] 	cell density = 3.762939e-01, |v| = 4.435772e+00, cs = 9.652272e+00
...[level 1] timestep limited by HYDRO
...coarse timestep set by level 1
[Level 0 step 58] ADVANCE with time = 1.2586618412e-02 dt = 2.2701233366e-04
[Level 0 step 58] Advanced 262144 cells
[Level 1 step 115] ADVANCE with time = 1.2586618412e-02 dt = 1.1350616683e-04
[Level 1 step 115] Advanced 679936 cells
[Level 1 step 116] ADVANCE with time = 1.2700124578e-02 dt = 1.1350616683e-04
[Level 1 step 116] Advanced 679936 cells

Coarse STEP 59 at t = 0.01281363075 (25.62726149%) starts ...
...[level 0] estimated hydro timestep: 2.292578e-04
...[level 0] 	hydro timestep limited at cell (35, 33, 40) with signal speed = 2.044641e+01
...[level 0] 	cell density = 3.727684e-01, |v| = 4.122543e+00, cs = 9.240791e+00
...[level 0] timestep limited by HYDRO
...[level 1] estimated hydro timestep: 1.137111e-04
...[level 1] 	hydro timestep limited at cell (57, 60, 80) with signal speed = 2.061145e+01
...[level 1] 	cell density = 3.711349e-01, |v| = 4.410186e+00, cs = 9.608571e+00
...[level 1] timestep limited by HYDRO
...coarse timestep set by level 1
[Level 0 step 59] ADVANCE with time = 1.2813630745e-02 dt = 2.2742214599e-04
[Level 0 step 59] Advanced 262144 cells
[Level 1 step 117] ADVANCE with time = 1.2813630745e-02 dt = 1.1371107299e-04
[Level 1 step 117] Advanced 679936 cells
[Level 1 step 118] ADVANCE with time = 1.2927341818e-02 dt = 1.1371107299e-04
[Level 1 step 118] Advanced 679936 cells

Coarse STEP 60 at t = 0.01304105289 (26.08210578%) starts ...
...[level 0] estimated hydro timestep: 2.297170e-04
...[level 0] 	hydro timestep limited at cell (35, 33, 40) with signal speed = 2.040555e+01
...[level 0] 	cell density = 3.667748e-01, |v| = 4.069716e+00, cs = 9.198513e+00
...[level 0] timestep limited by HYDRO
...[level 1] estimated hydro timestep: 1.139859e-04
...[level 1] 	hydro timestep limited at cell (70, 67, 80) with signal speed = 2.056176e+01
...[level 1] 	cell density = 3.657644e-01, |v| = 4.376577e+00, cs = 9.557090e+00
...[level 1] timestep limited by HYDRO
...coarse timestep set by level 1
[Level 0 step 60] ADVANCE with time = 1.3041052891e-02 dt = 2.2797177394e-04
[Level 0 step 60] Advanced 262144 cells
[Level 1 step 119] ADVANCE with time = 1.3041052891e-02 dt = 1.1398588697e-04
[Level 1 step 119] Advanced 679936 cells
[Level 1 step 120] ADVANCE with time = 1.3155038778e-02 dt = 1.1398588697e-04
[Level 1 step 120] Advanced 679936 cells

Coarse STEP 61 at t = 0.01326902467 (26.53804933%) starts ...
...[level 0] estimated hydro timestep: 2.302121e-04
...[level 0] 	hydro timestep limited at cell (35, 33, 40) with signal speed = 2.036166e+01
...[level 0] 	cell density = 3.606576e-01, |v| = 4.013499e+00, cs = 9.151469e+00
...[level 0] timestep limited by HYDRO
...[level 1] estimated hydro timestep: 1.143169e-04
...[level 1] 	hydro timestep limited at cell (67, 70, 80) with signal speed = 2.050223e+01
...[level 1] 	cell density = 3.602281e-01, |v| = 4.333904e+00, cs = 9.501521e+00
...[level 1] timestep limited by HYDRO
...coarse timestep set by level 1
Creating new distribution map on level: 1
[Level 0 step 61] ADVANCE with time = 1.3269024665e-02 dt = 2.2863370741e-04
[Level 0 step 61] Advanced 262144 cells
[Level 1 step 121] ADVANCE with time = 1.3269024665e-02 dt = 1.1431685370e-04
[Level 1 step 121] Advanced 688128 cells
[Level 1 step 122] ADVANCE with time = 1.3383341519e-02 dt = 1.1431685370e-04
[Level 1 step 122] Advanced 688128 cells

Coarse STEP 62 at t = 0.01349765837 (26.99531675%) starts ...
...[level 0] estimated hydro timestep: 2.307444e-04
...[level 0] 	hydro timestep limited at cell (35, 33, 40) with signal speed = 2.031469e+01
...[level 0] 	cell density = 3.544258e-01, |v| = 3.953150e+00, cs = 9.100020e+00
...[level 0] timestep limited by HYDRO
...[level 1] estimated hydro timestep: 1.146520e-04
...[level 1] 	hydro timestep limited at cell (67, 70, 80) with signal speed = 2.044229e+01
...[level 1] 	cell density = 3.546171e-01, |v| = 4.286060e+00, cs = 9.444845e+00
...[level 1] timestep limited by HYDRO
...coarse timestep set by level 1
[Level 0 step 62] ADVANCE with time = 1.3497658373e-02 dt = 2.2930400051e-04
[Level 0 step 62] Advanced 262144 cells
[Level 1 step 123] ADVANCE with time = 1.3497658373e-02 dt = 1.1465200026e-04
[Level 1 step 123] Advanced 688128 cells
[Level 1 step 124] ADVANCE with time = 1.3612310373e-02 dt = 1.1465200026e-04
[Level 1 step 124] Advanced 688128 cells

Coarse STEP 63 at t = 0.01372696237 (27.45392475%) starts ...
...[level 0] estimated hydro timestep: 2.312965e-04
...[level 0] 	hydro timestep limited at cell (35, 33, 40) with signal speed = 2.026620e+01
...[level 0] 	cell density = 3.481743e-01, |v| = 3.889094e+00, cs = 9.045698e+00
...[level 0] timestep limited by HYDRO
...[level 1] estimated hydro timestep: 1.149629e-04
...[level 1] 	hydro timestep limited at cell (67, 70, 80) with signal speed = 2.038701e+01
...[level 1] 	cell density = 3.491390e-01, |v| = 4.234911e+00, cs = 9.390572e+00
...[level 1] timestep limited by HYDRO
...coarse timestep set by level 1
Creating new distribution map on level: 1
[Level 0 step 63] ADVANCE with time = 1.3726962373e-02 dt = 2.2992579983e-04
[Level 0 step 63] Advanced 262144 cells
[Level 1 step 125] ADVANCE with time = 1.3726962373e-02 dt = 1.1496289992e-04
[Level 1 step 125] Advanced 782336 cells
[Level 1 step 126] ADVANCE with time = 1.3841925273e-02 dt = 1.1496289992e-04
[Level 1 step 126] Advanced 782336 cells

Coarse STEP 64 at t = 0.01395688817 (27.91377635%) starts ...
...[level 0] estimated hydro timestep: 2.318528e-04
...[level 0] 	hydro timestep limited at cell (35, 33, 40) with signal speed = 2.021757e+01
...[level 0] 	cell density = 3.419911e-01, |v| = 3.821808e+00, cs = 8.990479e+00
...[level 0] timestep limited by HYDRO
...[level 1] estimated hydro timestep: 1.150007e-04
...[level 1] 	hydro timestep limited at cell (58, 62, 46) with signal speed = 2.038031e+01
...[level 1] 	cell density = 3.141378e-01, |v| = 2.946176e+00, cs = 8.859310e+00
...[level 1] timestep limited by HYDRO
...coarse timestep set by level 1
[Level 0 step 64] ADVANCE with time = 1.3956888173e-02 dt = 2.3000144126e-04
[Level 0 step 64] Advanced 262144 cells
[Level 1 step 127] ADVANCE with time = 1.3956888173e-02 dt = 1.1500072063e-04
[Level 1 step 127] Advanced 782336 cells
[Level 1 step 128] ADVANCE with time = 1.4071888893e-02 dt = 1.1500072063e-04
[Level 1 step 128] Advanced 782336 cells

Coarse STEP 65 at t = 0.01418688961 (28.37377923%) starts ...
...[level 0] estimated hydro timestep: 2.323947e-04
...[level 0] 	hydro timestep limited at cell (35, 33, 40) with signal speed = 2.017043e+01
...[level 0] 	cell density = 3.358997e-01, |v| = 3.752127e+00, cs = 8.934554e+00
...[level 0] timestep limited by HYDRO
...[level 1] estimated hydro timestep: 1.112604e-04
...[level 1] 	hydro timestep limited at cell (63, 63, 61) with signal speed = 2.106545e+01
...[level 1] 	cell density = 2.536084e-01, |v| = 7.996054e+00, cs = 9.459104e+00
...[level 1] timestep limited by HYDRO
...coarse timestep set by level 1
Creating new distribution map on level: 1
[Level 0 step 65] ADVANCE with time = 1.4186889614e-02 dt = 2.2252074614e-04
[Level 0 step 65] Advanced 262144 cells
[Level 1 step 129] ADVANCE with time = 1.4186889614e-02 dt = 1.1126037307e-04
[Level 1 step 129] Advanced 806912 cells
[Level 1 step 130] ADVANCE with time = 1.4298149987e-02 dt = 1.1126037307e-04
[Level 1 step 130] Advanced 806912 cells

Coarse STEP 66 at t = 0.01440941036 (28.81882072%) starts ...
...[level 0] estimated hydro timestep: 2.260683e-04
...[level 0] 	hydro timestep limited at cell (31, 32, 31) with signal speed = 2.073489e+01
...[level 0] 	cell density = 2.693556e-01, |v| = 7.610415e+00, cs = 9.880239e+00
...[level 0] timestep limited by HYDRO
...[level 1] estimated hydro timestep: 1.058511e-04
...[level 1] 	hydro timestep limited at cell (65, 64, 65) with signal speed = 2.214196e+01
...[level 1] 	cell density = 2.790814e-01, |v| = 8.451125e+00, cs = 9.964865e+00
...[level 1] timestep limited by HYDRO
...coarse timestep set by level 1
[Level 0 step 66] ADVANCE with time = 1.4409410360e-02 dt = 2.1170214765e-04
[Level 0 step 66] Advanced 262144 cells
[Level 1 step 131] ADVANCE with time = 1.4409410360e-02 dt = 1.0585107382e-04
[Level 1 step 131] Advanced 806912 cells
[Level 1 step 132] ADVANCE with time = 1.4515261434e-02 dt = 1.0585107382e-04
[Level 1 step 132] Advanced 806912 cells

Coarse STEP 67 at t = 0.01462111251 (29.24222502%) starts ...
...[level 0] estimated hydro timestep: 2.193024e-04
...[level 0] 	hydro timestep limited at cell (31, 32, 31) with signal speed = 2.137460e+01
...[level 0] 	cell density = 3.253536e-01, |v| = 7.535015e+00, cs = 1.032426e+01
...[level 0] timestep limited by HYDRO
...[level 1] estimated hydro timestep: 1.034981e-04
...[level 1] 	hydro timestep limited at cell (64, 64, 62) with signal speed = 2.264534e+01
...[level 1] 	cell density = 3.091408e-01, |v| = 8.252666e+00, cs = 1.061655e+01
...[level 1] timestep limited by HYDRO
...coarse timestep set by level 1
[Level 0 step 67] ADVANCE with time = 1.4621112508e-02 dt = 2.0699624971e-04
[Level 0 step 67] Advanced 262144 cells
[Level 1 step 133] ADVANCE with time = 1.4621112508e-02 dt = 1.0349812486e-04
[Level 1 step 133] Advanced 806912 cells
[Level 1 step 134] ADVANCE with time = 1.4724610633e-02 dt = 1.0349812486e-04
[Level 1 step 134] Advanced 806912 cells

Coarse STEP 68 at t = 0.01482810876 (29.65621752%) starts ...
...[level 0] estimated hydro timestep: 2.237311e-04
...[level 0] 	hydro timestep limited at cell (31, 32, 31) with signal speed = 2.095149e+01
...[level 0] 	cell density = 3.895489e-01, |v| = 6.304598e+00, cs = 1.100218e+01
...[level 0] timestep limited by HYDRO
...[level 1] estimated hydro timestep: 1.088676e-04
...[level 1] 	hydro timestep limited at cell (64, 63, 62) with signal speed = 2.152844e+01
...[level 1] 	cell density = 3.795083e-01, |v| = 6.971711e+00, cs = 1.091209e+01
...[level 1] timestep limited by HYDRO
...coarse timestep set by level 1
[Level 0 step 68] ADVANCE with time = 1.4828108758e-02 dt = 2.1773525336e-04
[Level 0 step 68] Advanced 262144 cells
[Level 1 step 135] ADVANCE with time = 1.4828108758e-02 dt = 1.0886762668e-04
[Level 1 step 135] Advanced 806912 cells
[Level 1 step 136] ADVANCE with time = 1.4936976384e-02 dt = 1.0886762668e-04
[Level 1 step 136] Advanced 806912 cells

Coarse STEP 69 at t = 0.01504584401 (30.09168802%) starts ...
...[level 0] estimated hydro timestep: 2.299034e-04
...[level 0] 	hydro timestep limited at cell (35, 28, 39) with signal speed = 2.038900e+01
...[level 0] 	cell density = 2.602000e-01, |v| = 1.749455e+00, cs = 8.264049e+00
...[level 0] timestep limited by HYDRO
...[level 1] estimated hydro timestep: 1.117762e-04
...[level 1] 	hydro timestep limited at cell (65, 65, 63) with signal speed = 2.096824e+01
...[level 1] 	cell density = 5.271315e-01, |v| = 3.365072e+00, cs = 1.335208e+01
...[level 1] timestep limited by HYDRO
...coarse timestep set by level 1
[Level 0 step 69] ADVANCE with time = 1.5045844011e-02 dt = 2.2355234841e-04
[Level 0 step 69] Advanced 262144 cells
[Level 1 step 137] ADVANCE with time = 1.5045844011e-02 dt = 1.1177617420e-04
[Level 1 step 137] Advanced 806912 cells
[Level 1 step 138] ADVANCE with time = 1.5157620185e-02 dt = 1.1177617420e-04
[Level 1 step 138] Advanced 806912 cells

Coarse STEP 70 at t = 0.01526939636 (30.53879272%) starts ...
...[level 0] estimated hydro timestep: 2.279535e-04
...[level 0] 	hydro timestep limited at cell (35, 28, 39) with signal speed = 2.056340e+01
...[level 0] 	cell density = 2.529818e-01, |v| = 1.869059e+00, cs = 8.151820e+00
...[level 0] timestep limited by HYDRO
...[level 1] estimated hydro timestep: 1.111379e-04
...[level 1] 	hydro timestep limited at cell (71, 56, 49) with signal speed = 2.108866e+01
...[level 1] 	cell density = 2.399238e-01, |v| = 1.881313e+00, cs = 8.372187e+00
...[level 1] timestep limited by HYDRO
...coarse timestep set by level 1
[Level 0 step 70] ADVANCE with time = 1.5269396359e-02 dt = 2.2227588622e-04
[Level 0 step 70] Advanced 262144 cells
[Level 1 step 139] ADVANCE with time = 1.5269396359e-02 dt = 1.1113794311e-04
[Level 1 step 139] Advanced 806912 cells
[Level 1 step 140] ADVANCE with time = 1.5380534302e-02 dt = 1.1113794311e-04
[Level 1 step 140] Advanced 806912 cells

Coarse STEP 71 at t = 0.01549167225 (30.98334449%) starts ...
...[level 0] estimated hydro timestep: 2.261804e-04
...[level 0] 	hydro timestep limited at cell (35, 28, 24) with signal speed = 2.072460e+01
...[level 0] 	cell density = 2.462146e-01, |v| = 1.984063e+00, cs = 8.036454e+00
...[level 0] timestep limited by HYDRO
...[level 1] estimated hydro timestep: 1.104732e-04
...[level 1] 	hydro timestep limited at cell (71, 56, 49) with signal speed = 2.121555e+01
...[level 1] 	cell density = 2.341693e-01, |v| = 1.991287e+00, cs = 8.253383e+00
...[level 1] timestep limited by HYDRO
...coarse timestep set by level 1
Creating new distribution map on level: 1
[Level 0 step 71] ADVANCE with time = 1.5491672246e-02 dt = 2.2094639230e-04
[Level 0 step 71] Advanced 262144 cells
[Level 1 step 141] ADVANCE with time = 1.5491672246e-02 dt = 1.1047319615e-04
[Level 1 step 141] Advanced 884736 cells
[Level 1 step 142] ADVANCE with time = 1.5602145442e-02 dt = 1.1047319615e-04
[Level 1 step 142] Advanced 884736 cells

Coarse STEP 72 at t = 0.01571261864 (31.42523728%) starts ...
...[level 0] estimated hydro timestep: 2.245915e-04
...[level 0] 	hydro timestep limited at cell (35, 28, 24) with signal speed = 2.087122e+01
...[level 0] 	cell density = 2.400277e-01, |v| = 2.092831e+00, cs = 7.922192e+00
...[level 0] timestep limited by HYDRO
...[level 1] estimated hydro timestep: 1.098460e-04
...[level 1] 	hydro timestep limited at cell (71, 56, 49) with signal speed = 2.133669e+01
...[level 1] 	cell density = 2.287044e-01, |v| = 2.098525e+00, cs = 8.134516e+00
...[level 1] timestep limited by HYDRO
...coarse timestep set by level 1
[Level 0 step 72] ADVANCE with time = 1.5712618638e-02 dt = 2.1969203409e-04
[Level 0 step 72] Advanced 262144 cells
[Level 1 step 143] ADVANCE with time = 1.5712618638e-02 dt = 1.0984601705e-04
[Level 1 step 143] Advanced 884736 cells
[Level 1 step 144] ADVANCE with time = 1.5822464655e-02 dt = 1.0984601705e-04
[Level 1 step 144] Advanced 884736 cells

Coarse STEP 73 at t = 0.01593231067 (31.86462134%) starts ...
...[level 0] estimated hydro timestep: 2.232348e-04
...[level 0] 	hydro timestep limited at cell (28, 35, 24) with signal speed = 2.099807e+01
...[level 0] 	cell density = 2.345315e-01, |v| = 2.192567e+00, cs = 7.809870e+00
...[level 0] timestep limited by HYDRO
...[level 1] estimated hydro timestep: 1.092687e-04
...[level 1] 	hydro timestep limited at cell (71, 56, 49) with signal speed = 2.144942e+01
...[level 1] 	cell density = 2.236221e-01, |v| = 2.197269e+00, cs = 8.015824e+00
...[level 1] timestep limited by HYDRO
...coarse timestep set by level 1
Creating new distribution map on level: 1
[Level 0 step 73] ADVANCE with time = 1.5932310672e-02 dt = 2.1853736447e-04
[Level 0 step 73] Advanced 262144 cells
[Level 1 step 145] ADVANCE with time = 1.5932310672e-02 dt = 1.0926868224e-04
[Level 1 step 145] Advanced 909312 cells
[Level 1 step 146] ADVANCE with time = 1.6041579354e-02 dt = 1.0926868224e-04
[Level 1 step 146] Advanced 909312 cells

Coarse STEP 74 at t = 0.01615084804 (32.30169607%) starts ...
...[level 0] estimated hydro timestep: 2.221466e-04
...[level 0] 	hydro timestep limited at cell (28, 35, 24) with signal speed = 2.110093e+01
...[level 0] 	cell density = 2.297264e-01, |v| = 2.280374e+00, cs = 7.697683e+00
...[level 0] timestep limited by HYDRO
...[level 1] estimated hydro timestep: 1.087661e-04
...[level 1] 	hydro timestep limited at cell (71, 56, 49) with signal speed = 2.154853e+01
...[level 1] 	cell density = 2.189754e-01, |v| = 2.281221e+00, cs = 7.897235e+00
...[level 1] timestep limited by HYDRO
...coarse timestep set by level 1
[Level 0 step 74] ADVANCE with time = 1.6150848036e-02 dt = 2.1753228200e-04
[Level 0 step 74] Advanced 262144 cells
[Level 1 step 147] ADVANCE with time = 1.6150848036e-02 dt = 1.0876614100e-04
[Level 1 step 147] Advanced 909312 cells
[Level 1 step 148] ADVANCE with time = 1.6259614177e-02 dt = 1.0876614100e-04
[Level 1 step 148] Advanced 909312 cells

Coarse STEP 75 at t = 0.01636838032 (32.73676064%) starts ...
...[level 0] estimated hydro timestep: 2.213393e-04
...[level 0] 	hydro timestep limited at cell (28, 35, 24) with signal speed = 2.117789e+01
...[level 0] 	cell density = 2.255611e-01, |v| = 2.354809e+00, cs = 7.583222e+00
...[level 0] timestep limited by HYDRO
...[level 1] estimated hydro timestep: 1.083517e-04
...[level 1] 	hydro timestep limited at cell (71, 56, 49) with signal speed = 2.163095e+01
...[level 1] 	cell density = 2.147840e-01, |v| = 2.348466e+00, cs = 7.779560e+00
...[level 1] timestep limited by HYDRO
...coarse timestep set by level 1
Creating new distribution map on level: 1
[Level 0 step 75] ADVANCE with time = 1.6368380318e-02 dt = 2.1670334308e-04
[Level 0 step 75] Advanced 262144 cells
[Level 1 step 149] ADVANCE with time = 1.6368380318e-02 dt = 1.0835167154e-04
[Level 1 step 149] Advanced 958464 cells
[Level 1 step 150] ADVANCE with time = 1.6476731990e-02 dt = 1.0835167154e-04
[Level 1 step 150] Advanced 958464 cells

Coarse STEP 76 at t = 0.01658508366 (33.17016732%) starts ...
...[level 0] estimated hydro timestep: 2.208024e-04
...[level 0] 	hydro timestep limited at cell (28, 35, 24) with signal speed = 2.122939e+01
...[level 0] 	cell density = 2.219899e-01, |v| = 2.416810e+00, cs = 7.464474e+00
...[level 0] timestep limited by HYDRO
...[level 1] estimated hydro timestep: 1.080305e-04
...[level 1] 	hydro timestep limited at cell (71, 56, 49) with signal speed = 2.169526e+01
...[level 1] 	cell density = 2.110728e-01, |v| = 2.401809e+00, cs = 7.663549e+00
...[level 1] timestep limited by HYDRO
...coarse timestep set by level 1
[Level 0 step 76] ADVANCE with time = 1.6585083662e-02 dt = 2.1606102219e-04
[Level 0 step 76] Advanced 262144 cells
[Level 1 step 151] ADVANCE with time = 1.6585083662e-02 dt = 1.0803051110e-04
[Level 1 step 151] Advanced 958464 cells
[Level 1 step 152] ADVANCE with time = 1.6693114173e-02 dt = 1.0803051110e-04
[Level 1 step 152] Advanced 958464 cells

Coarse STEP 77 at t = 0.01680114468 (33.60228937%) starts ...
...[level 0] estimated hydro timestep: 2.205205e-04
...[level 0] 	hydro timestep limited at cell (28, 35, 24) with signal speed = 2.125653e+01
...[level 0] 	cell density = 2.190166e-01, |v| = 2.468787e+00, cs = 7.340689e+00
...[level 0] timestep limited by HYDRO
...[level 1] estimated hydro timestep: 1.077911e-04
...[level 1] 	hydro timestep limited at cell (71, 56, 49) with signal speed = 2.174344e+01
...[level 1] 	cell density = 2.077956e-01, |v| = 2.446066e+00, cs = 7.549431e+00
...[level 1] timestep limited by HYDRO
...coarse timestep set by level 1
[Level 0 step 77] ADVANCE with time = 1.6801144684e-02 dt = 2.1558229257e-04
[Level 0 step 77] Advanced 262144 cells
[Level 1 step 153] ADVANCE with time = 1.6801144684e-02 dt = 1.0779114628e-04
[Level 1 step 153] Advanced 958464 cells
[Level 1 step 154] ADVANCE with time = 1.6908935830e-02 dt = 1.0779114628e-04
[Level 1 step 154] Advanced 958464 cells

Coarse STEP 78 at t = 0.01701672698 (34.03345395%) starts ...
...[level 0] estimated hydro timestep: 2.204481e-04
...[level 0] 	hydro timestep limited at cell (28, 35, 24) with signal speed = 2.126351e+01
...[level 0] 	cell density = 2.165908e-01, |v| = 2.513061e+00, cs = 7.213908e+00
...[level 0] timestep limited by HYDRO
...[level 1] estimated hydro timestep: 1.075334e-04
...[level 1] 	hydro timestep limited at cell (71, 56, 50) with signal speed = 2.179555e+01
...[level 1] 	cell density = 2.103010e-01, |v| = 2.882001e+00, cs = 8.122668e+00
...[level 1] timestep limited by HYDRO
...coarse timestep set by level 1
[Level 0 step 78] ADVANCE with time = 1.7016726976e-02 dt = 2.1506686949e-04
[Level 0 step 78] Advanced 262144 cells
[Level 1 step 155] ADVANCE with time = 1.7016726976e-02 dt = 1.0753343475e-04
[Level 1 step 155] Advanced 958464 cells
[Level 1 step 156] ADVANCE with time = 1.7124260411e-02 dt = 1.0753343475e-04
[Level 1 step 156] Advanced 958464 cells

Coarse STEP 79 at t = 0.01723179385 (34.46358769%) starts ...
...[level 0] estimated hydro timestep: 2.202905e-04
...[level 0] 	hydro timestep limited at cell (36, 28, 25) with signal speed = 2.127872e+01
...[level 0] 	cell density = 2.191386e-01, |v| = 2.886466e+00, cs = 7.848940e+00
...[level 0] timestep limited by HYDRO
...[level 1] estimated hydro timestep: 1.071286e-04
...[level 1] 	hydro timestep limited at cell (71, 56, 50) with signal speed = 2.187791e+01
...[level 1] 	cell density = 2.061590e-01, |v| = 2.909343e+00, cs = 8.033296e+00
...[level 1] timestep limited by HYDRO
...coarse timestep set by level 1
Creating new distribution map on level: 1
[Level 0 step 79] ADVANCE with time = 1.7231793846e-02 dt = 2.1425722864e-04
[Level 0 step 79] Advanced 262144 cells
[Level 1 step 157] ADVANCE with time = 1.7231793846e-02 dt = 1.0712861432e-04
[Level 1 step 157] Advanced 1019904 cells
[Level 1 step 158] ADVANCE with time = 1.7338922460e-02 dt = 1.0712861432e-04
[Level 1 step 158] Advanced 1019904 cells

Coarse STEP 80 at t = 0.01744605107 (34.89210215%) starts ...
...[level 0] estimated hydro timestep: 2.196580e-04
...[level 0] 	hydro timestep limited at cell (28, 36, 25) with signal speed = 2.133999e+01
...[level 0] 	cell density = 2.152945e-01, |v| = 2.900397e+00, cs = 7.758726e+00
...[level 0] timestep limited by HYDRO
...[level 1] estimated hydro timestep: 1.068550e-04
...[level 1] 	hydro timestep limited at cell (71, 56, 50) with signal speed = 2.193393e+01
...[level 1] 	cell density = 2.024737e-01, |v| = 2.930201e+00, cs = 7.940015e+00
...[level 1] timestep limited by HYDRO
...coarse timestep set by level 1
[Level 0 step 80] ADVANCE with time = 1.7446051074e-02 dt = 2.1371001388e-04
[Level 0 step 80] Advanced 262144 cells
[Level 1 step 159] ADVANCE with time = 1.7446051074e-02 dt = 1.0685500694e-04
[Level 1 step 159] Advanced 1019904 cells
[Level 1 step 160] ADVANCE with time = 1.7552906081e-02 dt = 1.0685500694e-04
[Level 1 step 160] Advanced 1019904 cells

Coarse STEP 81 at t = 0.01765976109 (35.31952218%) starts ...
...[level 0] estimated hydro timestep: 2.192155e-04
...[level 0] 	hydro timestep limited at cell (28, 36, 25) with signal speed = 2.138307e+01
...[level 0] 	cell density = 2.119386e-01, |v| = 2.908107e+00, cs = 7.666549e+00
...[level 0] timestep limited by HYDRO
...[level 1] estimated hydro timestep: 1.066618e-04
...[level 1] 	hydro timestep limited at cell (71, 56, 50) with signal speed = 2.197366e+01
...[level 1] 	cell density = 1.992783e-01, |v| = 2.947907e+00, cs = 7.845253e+00
...[level 1] timestep limited by HYDRO
...coarse timestep set by level 1
Creating new distribution map on level: 1
[Level 0 step 81] ADVANCE with time = 1.7659761088e-02 dt = 2.1332360872e-04
[Level 0 step 81] Advanced 262144 cells
[Level 1 step 161] ADVANCE with time = 1.7659761088e-02 dt = 1.0666180436e-04
[Level 1 step 161] Advanced 1122304 cells
[Level 1 step 162] ADVANCE with time = 1.7766422893e-02 dt = 1.0666180436e-04
[Level 1 step 162] Advanced 1122304 cells

Coarse STEP 82 at t = 0.0178730847 (35.74616939%) starts ...
...[level 0] estimated hydro timestep: 2.189551e-04
...[level 0] 	hydro timestep limited at cell (28, 36, 25) with signal speed = 2.140850e+01
...[level 0] 	cell density = 2.090602e-01, |v| = 2.910391e+00, cs = 7.571822e+00
...[level 0] timestep limited by HYDRO
...[level 1] estimated hydro timestep: 1.065294e-04
...[level 1] 	hydro timestep limited at cell (71, 56, 50) with signal speed = 2.200096e+01
...[level 1] 	cell density = 1.966213e-01, |v| = 2.961493e+00, cs = 7.748918e+00
...[level 1] timestep limited by HYDRO
...coarse timestep set by level 1
[Level 0 step 82] ADVANCE with time = 1.7873084697e-02 dt = 2.1305886182e-04
[Level 0 step 82] Advanced 262144 cells
[Level 1 step 163] ADVANCE with time = 1.7873084697e-02 dt = 1.0652943091e-04
[Level 1 step 163] Advanced 1122304 cells
[Level 1 step 164] ADVANCE with time = 1.7979614128e-02 dt = 1.0652943091e-04
[Level 1 step 164] Advanced 1122304 cells

Coarse STEP 83 at t = 0.01808614356 (36.17228712%) starts ...
...[level 0] estimated hydro timestep: 2.188822e-04
...[level 0] 	hydro timestep limited at cell (28, 36, 25) with signal speed = 2.141563e+01
...[level 0] 	cell density = 2.066584e-01, |v| = 2.907279e+00, cs = 7.474006e+00
...[level 0] timestep limited by HYDRO
...[level 1] estimated hydro timestep: 1.064498e-04
...[level 1] 	hydro timestep limited at cell (71, 56, 50) with signal speed = 2.201743e+01
...[level 1] 	cell density = 1.943782e-01, |v| = 2.965389e+00, cs = 7.653226e+00
...[level 1] timestep limited by HYDRO
...coarse timestep set by level 1
Creating new distribution map on level: 1
[Level 0 step 83] ADVANCE with time = 1.8086143559e-02 dt = 2.1289952276e-04
[Level 0 step 83] Advanced 262144 cells
[Level 1 step 165] ADVANCE with time = 1.8086143559e-02 dt = 1.0644976138e-04
[Level 1 step 165] Advanced 1130496 cells
[Level 1 step 166] ADVANCE with time = 1.8192593320e-02 dt = 1.0644976138e-04
[Level 1 step 166] Advanced 1130496 cells

Coarse STEP 84 at t = 0.01829904308 (36.59808616%) starts ...
...[level 0] estimated hydro timestep: 2.187675e-04
...[level 0] 	hydro timestep limited at cell (27, 36, 37) with signal speed = 2.142686e+01
...[level 0] 	cell density = 2.042322e-01, |v| = 2.961441e+00, cs = 7.766238e+00
...[level 0] timestep limited by HYDRO
...[level 1] estimated hydro timestep: 1.064107e-04
...[level 1] 	hydro timestep limited at cell (71, 56, 50) with signal speed = 2.202551e+01
...[level 1] 	cell density = 1.924086e-01, |v| = 2.959413e+00, cs = 7.561082e+00
...[level 1] timestep limited by HYDRO
...coarse timestep set by level 1
[Level 0 step 84] ADVANCE with time = 1.8299043082e-02 dt = 2.1282137253e-04
[Level 0 step 84] Advanced 262144 cells
[Level 1 step 167] ADVANCE with time = 1.8299043082e-02 dt = 1.0641068627e-04
[Level 1 step 167] Advanced 1130496 cells
[Level 1 step 168] ADVANCE with time = 1.8405453768e-02 dt = 1.0641068627e-04
[Level 1 step 168] Advanced 1130496 cells

Coarse STEP 85 at t = 0.01851186445 (37.02372891%) starts ...
...[level 0] estimated hydro timestep: 2.181513e-04
...[level 0] 	hydro timestep limited at cell (27, 36, 37) with signal speed = 2.148738e+01
...[level 0] 	cell density = 2.008305e-01, |v| = 2.945231e+00, cs = 7.693997e+00
...[level 0] timestep limited by HYDRO
...[level 1] estimated hydro timestep: 1.064225e-04
...[level 1] 	hydro timestep limited at cell (56, 71, 77) with signal speed = 2.202306e+01
...[level 1] 	cell density = 1.906012e-01, |v| = 2.944593e+00, cs = 7.468652e+00
...[level 1] timestep limited by HYDRO
...coarse timestep set by level 1
Creating new distribution map on level: 1
[Level 0 step 85] ADVANCE with time = 1.8511864454e-02 dt = 2.1284508366e-04
[Level 0 step 85] Advanced 262144 cells
[Level 1 step 169] ADVANCE with time = 1.8511864454e-02 dt = 1.0642254183e-04
[Level 1 step 169] Advanced 1196032 cells
[Level 1 step 170] ADVANCE with time = 1.8618286996e-02 dt = 1.0642254183e-04
[Level 1 step 170] Advanced 1196032 cells

Coarse STEP 86 at t = 0.01872470954 (37.44941908%) starts ...
...[level 0] estimated hydro timestep: 2.176952e-04
...[level 0] 	hydro timestep limited at cell (27, 36, 37) with signal speed = 2.153240e+01
...[level 0] 	cell density = 1.978309e-01, |v| = 2.923942e+00, cs = 7.617910e+00
...[level 0] timestep limited by HYDRO
...[level 1] estimated hydro timestep: 1.064925e-04
...[level 1] 	hydro timestep limited at cell (56, 71, 77) with signal speed = 2.200859e+01
...[level 1] 	cell density = 1.888832e-01, |v| = 2.920507e+00, cs = 7.374361e+00
...[level 1] timestep limited by HYDRO
...coarse timestep set by level 1
[Level 0 step 86] ADVANCE with time = 1.8724709538e-02 dt = 2.1298501695e-04
[Level 0 step 86] Advanced 262144 cells
[Level 1 step 171] ADVANCE with time = 1.8724709538e-02 dt = 1.0649250848e-04
[Level 1 step 171] Advanced 1196032 cells
[Level 1 step 172] ADVANCE with time = 1.8831202046e-02 dt = 1.0649250848e-04
[Level 1 step 172] Advanced 1196032 cells

Coarse STEP 87 at t = 0.01893769455 (37.87538911%) starts ...
...[level 0] estimated hydro timestep: 2.174084e-04
...[level 0] 	hydro timestep limited at cell (27, 36, 37) with signal speed = 2.156080e+01
...[level 0] 	cell density = 1.952646e-01, |v| = 2.897669e+00, cs = 7.540712e+00
...[level 0] timestep limited by HYDRO
...[level 1] estimated hydro timestep: 1.066191e-04
...[level 1] 	hydro timestep limited at cell (56, 71, 77) with signal speed = 2.198246e+01
...[level 1] 	cell density = 1.872844e-01, |v| = 2.887016e+00, cs = 7.278895e+00
...[level 1] timestep limited by HYDRO
...coarse timestep set by level 1
Creating new distribution map on level: 1
[Level 0 step 87] ADVANCE with time = 1.8937694555e-02 dt = 2.1323819740e-04
[Level 0 step 87] Advanced 262144 cells
[Level 1 step 173] ADVANCE with time = 1.8937694555e-02 dt = 1.0661909870e-04
[Level 1 step 173] Advanced 1245184 cells
[Level 1 step 174] ADVANCE with time = 1.9044313653e-02 dt = 1.0661909870e-04
[Level 1 step 174] Advanced 1245184 cells

Coarse STEP 88 at t = 0.01915093275 (38.3018655%) starts ...
...[level 0] estimated hydro timestep: 2.172822e-04
...[level 0] 	hydro timestep limited at cell (27, 36, 37) with signal speed = 2.157333e+01
...[level 0] 	cell density = 1.931506e-01, |v| = 2.867034e+00, cs = 7.462800e+00
...[level 0] timestep limited by HYDRO
...[level 1] estimated hydro timestep: 1.067834e-04
...[level 1] 	hydro timestep limited at cell (56, 71, 77) with signal speed = 2.194864e+01
...[level 1] 	cell density = 1.858817e-01, |v| = 2.845542e+00, cs = 7.184604e+00
...[level 1] timestep limited by HYDRO
...coarse timestep set by level 1
[Level 0 step 88] ADVANCE with time = 1.9150932752e-02 dt = 2.1356678509e-04
[Level 0 step 88] Advanced 262144 cells
[Level 1 step 175] ADVANCE with time = 1.9150932752e-02 dt = 1.0678339255e-04
[Level 1 step 175] Advanced 1245184 cells
[Level 1 step 176] ADVANCE with time = 1.9257716145e-02 dt = 1.0678339255e-04
[Level 1 step 176] Advanced 1245184 cells

Coarse STEP 89 at t = 0.01936449954 (38.72899907%) starts ...
...[level 0] estimated hydro timestep: 2.172924e-04
...[level 0] 	hydro timestep limited at cell (27, 36, 37) with signal speed = 2.157231e+01
...[level 0] 	cell density = 1.914699e-01, |v| = 2.832392e+00, cs = 7.383941e+00
...[level 0] timestep limited by HYDRO
...[level 1] estimated hydro timestep: 1.069684e-04
...[level 1] 	hydro timestep limited at cell (56, 71, 77) with signal speed = 2.191067e+01
...[level 1] 	cell density = 1.847734e-01, |v| = 2.798762e+00, cs = 7.094006e+00
...[level 1] timestep limited by HYDRO
...coarse timestep set by level 1
[Level 0 step 89] ADVANCE with time = 1.9364499537e-02 dt = 2.1393688860e-04
[Level 0 step 89] Advanced 262144 cells
[Level 1 step 177] ADVANCE with time = 1.9364499537e-02 dt = 1.0696844430e-04
[Level 1 step 177] Advanced 1245184 cells
[Level 1 step 178] ADVANCE with time = 1.9471467982e-02 dt = 1.0696844430e-04
[Level 1 step 178] Advanced 1245184 cells

Coarse STEP 90 at t = 0.01957843643 (39.15687285%) starts ...
...[level 0] estimated hydro timestep: 2.174341e-04
...[level 0] 	hydro timestep limited at cell (27, 36, 37) with signal speed = 2.155825e+01
...[level 0] 	cell density = 1.902166e-01, |v| = 2.793200e+00, cs = 7.302888e+00
...[level 0] timestep limited by HYDRO
...[level 1] estimated hydro timestep: 1.071858e-04
...[level 1] 	hydro timestep limited at cell (56, 71, 77) with signal speed = 2.186625e+01
...[level 1] 	cell density = 1.840737e-01, |v| = 2.748034e+00, cs = 7.005909e+00
...[level 1] timestep limited by HYDRO
...coarse timestep set by level 1
[Level 0 step 90] ADVANCE with time = 1.9578436426e-02 dt = 2.1437151012e-04
[Level 0 step 90] Advanced 262144 cells
[Level 1 step 179] ADVANCE with time = 1.9578436426e-02 dt = 1.0718575506e-04
[Level 1 step 179] Advanced 1245184 cells
[Level 1 step 180] ADVANCE with time = 1.9685622181e-02 dt = 1.0718575506e-04
[Level 1 step 180] Advanced 1245184 cells

Coarse STEP 91 at t = 0.01979280794 (39.58561587%) starts ...
...[level 0] estimated hydro timestep: 2.177117e-04
...[level 0] 	hydro timestep limited at cell (36, 27, 37) with signal speed = 2.153077e+01
...[level 0] 	cell density = 1.893572e-01, |v| = 2.747829e+00, cs = 7.217269e+00
...[level 0] timestep limited by HYDRO
...[level 1] estimated hydro timestep: 1.074502e-04
...[level 1] 	hydro timestep limited at cell (56, 71, 77) with signal speed = 2.181242e+01
...[level 1] 	cell density = 1.838129e-01, |v| = 2.693185e+00, cs = 6.921982e+00
...[level 1] timestep limited by HYDRO
...coarse timestep set by level 1
Creating new distribution map on level: 1
[Level 0 step 91] ADVANCE with time = 1.9792807936e-02 dt = 2.1490048459e-04
[Level 0 step 91] Advanced 262144 cells
[Level 1 step 181] ADVANCE with time = 1.9792807936e-02 dt = 1.0745024229e-04
[Level 1 step 181] Advanced 1261568 cells
[Level 1 step 182] ADVANCE with time = 1.9900258178e-02 dt = 1.0745024229e-04
[Level 1 step 182] Advanced 1261568 cells

Coarse STEP 92 at t = 0.02000770842 (40.01541684%) starts ...
...[level 0] estimated hydro timestep: 2.181348e-04
...[level 0] 	hydro timestep limited at cell (36, 27, 37) with signal speed = 2.148901e+01
...[level 0] 	cell density = 1.888803e-01, |v| = 2.695229e+00, cs = 7.126241e+00
...[level 0] timestep limited by HYDRO
...[level 1] estimated hydro timestep: 1.077648e-04
...[level 1] 	hydro timestep limited at cell (56, 71, 77) with signal speed = 2.174875e+01
...[level 1] 	cell density = 1.838762e-01, |v| = 2.636305e+00, cs = 6.836594e+00
...[level 1] timestep limited by HYDRO
...coarse timestep set by level 1
[Level 0 step 92] ADVANCE with time = 2.0007708421e-02 dt = 2.1552963087e-04
[Level 0 step 92] Advanced 262144 cells
[Level 1 step 183] ADVANCE with time = 2.0007708421e-02 dt = 1.0776481543e-04
[Level 1 step 183] Advanced 1261568 cells
[Level 1 step 184] ADVANCE with time = 2.0115473236e-02 dt = 1.0776481543e-04
[Level 1 step 184] Advanced 1261568 cells

Coarse STEP 93 at t = 0.02022323805 (40.4464761%) starts ...
...[level 0] estimated hydro timestep: 2.187084e-04
...[level 0] 	hydro timestep limited at cell (36, 27, 37) with signal speed = 2.143264e+01
...[level 0] 	cell density = 1.888399e-01, |v| = 2.634439e+00, cs = 7.031583e+00
...[level 0] timestep limited by HYDRO
...[level 1] estimated hydro timestep: 1.079270e-04
...[level 1] 	hydro timestep limited at cell (73, 54, 74) with signal speed = 2.171606e+01
...[level 1] 	cell density = 1.823037e-01, |v| = 2.558386e+00, cs = 6.971752e+00
...[level 1] timestep limited by HYDRO
...coarse timestep set by level 1
Creating new distribution map on level: 1
[Level 0 step 93] ADVANCE with time = 2.0223238051e-02 dt = 2.1585405003e-04
[Level 0 step 93] Advanced 262144 cells
[Level 1 step 185] ADVANCE with time = 2.0223238051e-02 dt = 1.0792702501e-04
[Level 1 step 185] Advanced 1277952 cells
[Level 1 step 186] ADVANCE with time = 2.0331165076e-02 dt = 1.0792702501e-04
[Level 1 step 186] Advanced 1277952 cells

Coarse STEP 94 at t = 0.0204390921 (40.8781842%) starts ...
...[level 0] estimated hydro timestep: 2.194471e-04
...[level 0] 	hydro timestep limited at cell (36, 27, 37) with signal speed = 2.136050e+01
...[level 0] 	cell density = 1.893163e-01, |v| = 2.562860e+00, cs = 6.940005e+00
...[level 0] timestep limited by HYDRO
...[level 1] estimated hydro timestep: 1.080320e-04
...[level 1] 	hydro timestep limited at cell (73, 54, 74) with signal speed = 2.169496e+01
...[level 1] 	cell density = 1.820104e-01, |v| = 2.501024e+00, cs = 6.879130e+00
...[level 1] timestep limited by HYDRO
...coarse timestep set by level 1
[Level 0 step 94] ADVANCE with time = 2.0439092101e-02 dt = 2.1606402823e-04
[Level 0 step 94] Advanced 262144 cells
[Level 1 step 187] ADVANCE with time = 2.0439092101e-02 dt = 1.0803201411e-04
[Level 1 step 187] Advanced 1277952 cells
[Level 1 step 188] ADVANCE with time = 2.0547124116e-02 dt = 1.0803201411e-04
[Level 1 step 188] Advanced 1277952 cells

Coarse STEP 95 at t = 0.02065515613 (41.31031226%) starts ...
...[level 0] estimated hydro timestep: 2.203632e-04
...[level 0] 	hydro timestep limited at cell (36, 27, 37) with signal speed = 2.127170e+01
...[level 0] 	cell density = 1.903005e-01, |v| = 2.478325e+00, cs = 6.853566e+00
...[level 0] timestep limited by HYDRO
...[level 1] estimated hydro timestep: 1.082664e-04
...[level 1] 	hydro timestep limited at cell (73, 54, 74) with signal speed = 2.164798e+01
...[level 1] 	cell density = 1.822200e-01, |v| = 2.426193e+00, cs = 6.785742e+00
...[level 1] timestep limited by HYDRO
...coarse timestep set by level 1
[Level 0 step 95] ADVANCE with time = 2.0655156130e-02 dt = 2.1653287437e-04
[Level 0 step 95] Advanced 262144 cells
[Level 1 step 189] ADVANCE with time = 2.0655156130e-02 dt = 1.0826643718e-04
[Level 1 step 189] Advanced 1277952 cells
[Level 1 step 190] ADVANCE with time = 2.0763422567e-02 dt = 1.0826643718e-04
[Level 1 step 190] Advanced 1277952 cells

Coarse STEP 96 at t = 0.020871689 (41.74337801%) starts ...
...[level 0] estimated hydro timestep: 2.212732e-04
...[level 0] 	hydro timestep limited at cell (35, 28, 38) with signal speed = 2.118421e+01
...[level 0] 	cell density = 1.902117e-01, |v| = 2.328034e+00, cs = 7.211814e+00
...[level 0] timestep limited by HYDRO
...[level 1] estimated hydro timestep: 1.086790e-04
...[level 1] 	hydro timestep limited at cell (73, 54, 74) with signal speed = 2.156580e+01
...[level 1] 	cell density = 1.831046e-01, |v| = 2.325918e+00, cs = 6.703384e+00
...[level 1] timestep limited by HYDRO
...coarse timestep set by level 1
[Level 0 step 96] ADVANCE with time = 2.0871689004e-02 dt = 2.1735801155e-04
[Level 0 step 96] Advanced 262144 cells
[Level 1 step 191] ADVANCE with time = 2.0871689004e-02 dt = 1.0867900577e-04
[Level 1 step 191] Advanced 1277952 cells
[Level 1 step 192] ADVANCE with time = 2.0980368010e-02 dt = 1.0867900577e-04
[Level 1 step 192] Advanced 1277952 cells

Coarse STEP 97 at t = 0.02108904702 (42.17809403%) starts ...
...[level 0] estimated hydro timestep: 2.221134e-04
...[level 0] 	hydro timestep limited at cell (35, 28, 38) with signal speed = 2.110409e+01
...[level 0] 	cell density = 1.908335e-01, |v| = 2.204859e+00, cs = 7.162971e+00
...[level 0] timestep limited by HYDRO
...[level 1] estimated hydro timestep: 1.092029e-04
...[level 1] 	hydro timestep limited at cell (73, 54, 74) with signal speed = 2.146235e+01
...[level 1] 	cell density = 1.844586e-01, |v| = 2.210778e+00, cs = 6.619915e+00
...[level 1] timestep limited by HYDRO
...coarse timestep set by level 1
Creating new distribution map on level: 1
[Level 0 step 97] ADVANCE with time = 2.1089047016e-02 dt = 2.1840573633e-04
[Level 0 step 97] Advanced 262144 cells
[Level 1 step 193] ADVANCE with time = 2.1089047016e-02 dt = 1.0920286816e-04
[Level 1 step 193] Advanced 1310720 cells
[Level 1 step 194] ADVANCE with time = 2.1198249884e-02 dt = 1.0920286816e-04
[Level 1 step 194] Advanced 1310720 cells

Coarse STEP 98 at t = 0.02130745275 (42.6149055%) starts ...
...[level 0] estimated hydro timestep: 2.205688e-04
...[level 0] 	hydro timestep limited at cell (31, 32, 25) with signal speed = 2.125187e+01
...[level 0] 	cell density = 2.907221e-01, |v| = 2.220352e+00, cs = 8.704493e+00
...[level 0] timestep limited by HYDRO
...[level 1] estimated hydro timestep: 1.075992e-04
...[level 1] 	hydro timestep limited at cell (57, 70, 73) with signal speed = 2.178222e+01
...[level 1] 	cell density = 2.991731e-01, |v| = 2.649829e+00, cs = 8.798098e+00
...[level 1] timestep limited by HYDRO
...coarse timestep set by level 1
[Level 0 step 98] ADVANCE with time = 2.1307452752e-02 dt = 2.1519848274e-04
[Level 0 step 98] Advanced 262144 cells
[Level 1 step 195] ADVANCE with time = 2.1307452752e-02 dt = 1.0759924137e-04
[Level 1 step 195] Advanced 1310720 cells
[Level 1 step 196] ADVANCE with time = 2.1415051993e-02 dt = 1.0759924137e-04
[Level 1 step 196] Advanced 1310720 cells

Coarse STEP 99 at t = 0.02152265123 (43.04530247%) starts ...
...[level 0] estimated hydro timestep: 2.157445e-04
...[level 0] 	hydro timestep limited at cell (30, 33, 38) with signal speed = 2.172709e+01
...[level 0] 	cell density = 2.763566e-01, |v| = 2.307112e+00, cs = 8.662384e+00
...[level 0] timestep limited by HYDRO
...[level 1] estimated hydro timestep: 1.055481e-04
...[level 1] 	hydro timestep limited at cell (61, 66, 50) with signal speed = 2.220552e+01
...[level 1] 	cell density = 2.626957e-01, |v| = 2.413582e+00, cs = 8.544765e+00
...[level 1] timestep limited by HYDRO
...coarse timestep set by level 1
[Level 0 step 99] ADVANCE with time = 2.1522651235e-02 dt = 2.1109615646e-04
[Level 0 step 99] Advanced 262144 cells
[Level 1 step 197] ADVANCE with time = 2.1522651235e-02 dt = 1.0554807823e-04
[Level 1 step 197] Advanced 1310720 cells
[Level 1 step 198] ADVANCE with time = 2.1628199313e-02 dt = 1.0554807823e-04
[Level 1 step 198] Advanced 1310720 cells

Coarse STEP 100 at t = 0.02173374739 (43.46749478%) starts ...
...[level 0] estimated hydro timestep: 2.137462e-04
...[level 0] 	hydro timestep limited at cell (33, 30, 25) with signal speed = 2.193022e+01
...[level 0] 	cell density = 2.774403e-01, |v| = 2.536943e+00, cs = 8.599055e+00
...[level 0] timestep limited by HYDRO
...[level 1] estimated hydro timestep: 1.026818e-04
...[level 1] 	hydro timestep limited at cell (62, 65, 78) with signal speed = 2.282538e+01
...[level 1] 	cell density = 2.434743e-01, |v| = 2.292322e+00, cs = 8.560558e+00
...[level 1] timestep limited by HYDRO
...coarse timestep set by level 1
[Level 0 step 100] ADVANCE with time = 2.1733747391e-02 dt = 2.0536352108e-04
[Level 0 step 100] Advanced 262144 cells
[Level 1 step 199] ADVANCE with time = 2.1733747391e-02 dt = 1.0268176054e-04
[Level 1 step 199] Advanced 1310720 cells
[Level 1 step 200] ADVANCE with time = 2.1836429152e-02 dt = 1.0268176054e-04
[Level 1 step 200] Advanced 1310720 cells

Coarse STEP 101 at t = 0.02193911091 (43.87822182%) starts ...
...[level 0] estimated hydro timestep: 2.098431e-04
...[level 0] 	hydro timestep limited at cell (31, 32, 24) with signal speed = 2.233812e+01
...[level 0] 	cell density = 2.495422e-01, |v| = 2.146676e+00, cs = 8.255749e+00
...[level 0] timestep limited by HYDRO
...[level 1] estimated hydro timestep: 1.010244e-04
...[level 1] 	hydro timestep limited at cell (61, 66, 49) with signal speed = 2.319983e+01
...[level 1] 	cell density = 2.440982e-01, |v| = 2.560698e+00, cs = 8.452061e+00
...[level 1] timestep limited by HYDRO
...coarse timestep set by level 1
Creating new distribution map on level: 1
[Level 0 step 101] ADVANCE with time = 2.1939110912e-02 dt = 2.0204889059e-04
[Level 0 step 101] Advanced 262144 cells
[Level 1 step 201] ADVANCE with time = 2.1939110912e-02 dt = 1.0102444529e-04
[Level 1 step 201] Advanced 1343488 cells
[Level 1 step 202] ADVANCE with time = 2.2040135357e-02 dt = 1.0102444529e-04
[Level 1 step 202] Advanced 1343488 cells

Coarse STEP 102 at t = 0.0221411598 (44.28231961%) starts ...
...[level 0] estimated hydro timestep: 2.064474e-04
...[level 0] 	hydro timestep limited at cell (31, 32, 24) with signal speed = 2.270554e+01
...[level 0] 	cell density = 2.530164e-01, |v| = 2.447913e+00, cs = 8.251226e+00
...[level 0] timestep limited by HYDRO
...[level 1] estimated hydro timestep: 1.006545e-04
...[level 1] 	hydro timestep limited at cell (66, 61, 78) with signal speed = 2.328510e+01
...[level 1] 	cell density = 2.459750e-01, |v| = 2.695826e+00, cs = 8.426432e+00
...[level 1] timestep limited by HYDRO
...coarse timestep set by level 1
[Level 0 step 102] ADVANCE with time = 2.2141159803e-02 dt = 2.0130900683e-04
[Level 0 step 102] Advanced 262144 cells
[Level 1 step 203] ADVANCE with time = 2.2141159803e-02 dt = 1.0065450342e-04
[Level 1 step 203] Advanced 1343488 cells
[Level 1 step 204] ADVANCE with time = 2.2241814306e-02 dt = 1.0065450342e-04
[Level 1 step 204] Advanced 1343488 cells

Coarse STEP 103 at t = 0.02234246881 (44.68493762%) starts ...
...[level 0] estimated hydro timestep: 2.048361e-04
...[level 0] 	hydro timestep limited at cell (27, 36, 36) with signal speed = 2.288415e+01
...[level 0] 	cell density = 2.543494e-01, |v| = 2.615898e+00, cs = 8.545658e+00
...[level 0] timestep limited by HYDRO
...[level 1] estimated hydro timestep: 9.916998e-05
...[level 1] 	hydro timestep limited at cell (72, 55, 74) with signal speed = 2.363366e+01
...[level 1] 	cell density = 2.443122e-01, |v| = 2.711753e+00, cs = 8.439983e+00
...[level 1] timestep limited by HYDRO
...coarse timestep set by level 1
Creating new distribution map on level: 1
[Level 0 step 103] ADVANCE with time = 2.2342468810e-02 dt = 1.9833995388e-04
[Level 0 step 103] Advanced 262144 cells
[Level 1 step 205] ADVANCE with time = 2.2342468810e-02 dt = 9.9169976942e-05
[Level 1 step 205] Advanced 1417216 cells
[Level 1 step 206] ADVANCE with time = 2.2441638787e-02 dt = 9.9169976942e-05
[Level 1 step 206] Advanced 1417216 cells

Coarse STEP 104 at t = 0.02254080876 (45.08161753%) starts ...
...[level 0] estimated hydro timestep: 2.022932e-04
...[level 0] 	hydro timestep limited at cell (28, 35, 25) with signal speed = 2.317182e+01
...[level 0] 	cell density = 2.459778e-01, |v| = 2.404277e+00, cs = 7.911182e+00
...[level 0] timestep limited by HYDRO
...[level 1] estimated hydro timestep: 9.833943e-05
...[level 1] 	hydro timestep limited at cell (72, 54, 74) with signal speed = 2.383327e+01
...[level 1] 	cell density = 2.398487e-01, |v| = 2.604780e+00, cs = 7.823744e+00
...[level 1] timestep limited by HYDRO
...coarse timestep set by level 1
[Level 0 step 104] ADVANCE with time = 2.2540808764e-02 dt = 1.9667885152e-04
[Level 0 step 104] Advanced 262144 cells
[Level 1 step 207] ADVANCE with time = 2.2540808764e-02 dt = 9.8339425759e-05
[Level 1 step 207] Advanced 1417216 cells
[Level 1 step 208] ADVANCE with time = 2.2639148189e-02 dt = 9.8339425759e-05
[Level 1 step 208] Advanced 1417216 cells

Coarse STEP 105 at t = 0.02273748762 (45.47497523%) starts ...
...[level 0] estimated hydro timestep: 2.033880e-04
...[level 0] 	hydro timestep limited at cell (28, 35, 38) with signal speed = 2.304709e+01
...[level 0] 	cell density = 2.474847e-01, |v| = 2.292100e+00, cs = 7.877427e+00
...[level 0] timestep limited by HYDRO
...[level 1] estimated hydro timestep: 9.913715e-05
...[level 1] 	hydro timestep limited at cell (73, 54, 74) with signal speed = 2.364149e+01
...[level 1] 	cell density = 2.438159e-01, |v| = 2.243915e+00, cs = 7.086520e+00
...[level 1] timestep limited by HYDRO
...coarse timestep set by level 1
Creating new distribution map on level: 1
[Level 0 step 105] ADVANCE with time = 2.2737487615e-02 dt = 1.9827429879e-04
[Level 0 step 105] Advanced 262144 cells
[Level 1 step 209] ADVANCE with time = 2.2737487615e-02 dt = 9.9137149393e-05
[Level 1 step 209] Advanced 1495040 cells
[Level 1 step 210] ADVANCE with time = 2.2836624764e-02 dt = 9.9137149393e-05
[Level 1 step 210] Advanced 1495040 cells

Coarse STEP 106 at t = 0.02293576191 (45.87152383%) starts ...
...[level 0] estimated hydro timestep: 2.071832e-04
...[level 0] 	hydro timestep limited at cell (28, 35, 38) with signal speed = 2.262490e+01
...[level 0] 	cell density = 2.478355e-01, |v| = 1.952042e+00, cs = 7.903954e+00
...[level 0] timestep limited by HYDRO
...[level 1] estimated hydro timestep: 1.005277e-04
...[level 1] 	hydro timestep limited at cell (73, 54, 74) with signal speed = 2.331447e+01
...[level 1] 	cell density = 2.444542e-01, |v| = 1.874804e+00, cs = 7.068254e+00
...[level 1] timestep limited by HYDRO
...coarse timestep set by level 1
[Level 0 step 106] ADVANCE with time = 2.2935761914e-02 dt = 2.0105538499e-04
[Level 0 step 106] Advanced 262144 cells
[Level 1 step 211] ADVANCE with time = 2.2935761914e-02 dt = 1.0052769249e-04
[Level 1 step 211] Advanced 1495040 cells
[Level 1 step 212] ADVANCE with time = 2.3036289606e-02 dt = 1.0052769249e-04
[Level 1 step 212] Advanced 1495040 cells

Coarse STEP 107 at t = 0.0231368173 (46.2736346%) starts ...
...[level 0] estimated hydro timestep: 2.115518e-04
...[level 0] 	hydro timestep limited at cell (28, 35, 38) with signal speed = 2.215770e+01
...[level 0] 	cell density = 2.490883e-01, |v| = 1.564428e+00, cs = 8.002990e+00
...[level 0] timestep limited by HYDRO
...[level 1] estimated hydro timestep: 1.027236e-04
...[level 1] 	hydro timestep limited at cell (54, 73, 53) with signal speed = 2.281607e+01
...[level 1] 	cell density = 2.438372e-01, |v| = 1.444420e+00, cs = 7.173828e+00
...[level 1] timestep limited by HYDRO
...coarse timestep set by level 1
Creating new distribution map on level: 1
[Level 0 step 107] ADVANCE with time = 2.3136817299e-02 dt = 2.0544727059e-04
[Level 0 step 107] Advanced 262144 cells
[Level 1 step 213] ADVANCE with time = 2.3136817299e-02 dt = 1.0272363529e-04
[Level 1 step 213] Advanced 1560576 cells
[Level 1 step 214] ADVANCE with time = 2.3239540934e-02 dt = 1.0272363529e-04
[Level 1 step 214] Advanced 1560576 cells

Coarse STEP 108 at t = 0.02334226457 (46.68452914%) starts ...
...[level 0] estimated hydro timestep: 2.155071e-04
...[level 0] 	hydro timestep limited at cell (28, 35, 38) with signal speed = 2.175103e+01
...[level 0] 	cell density = 2.507545e-01, |v| = 1.218189e+00, cs = 8.070246e+00
...[level 0] timestep limited by HYDRO
...[level 1] estimated hydro timestep: 1.045248e-04
...[level 1] 	hydro timestep limited at cell (73, 54, 53) with signal speed = 2.242291e+01
...[level 1] 	cell density = 2.429270e-01, |v| = 1.186212e+00, cs = 7.224574e+00
...[level 1] timestep limited by HYDRO
...coarse timestep set by level 1
[Level 0 step 108] ADVANCE with time = 2.3342264569e-02 dt = 2.0904958789e-04
[Level 0 step 108] Advanced 262144 cells
[Level 1 step 215] ADVANCE with time = 2.3342264569e-02 dt = 1.0452479394e-04
[Level 1 step 215] Advanced 1560576 cells
[Level 1 step 216] ADVANCE with time = 2.3446789363e-02 dt = 1.0452479394e-04
[Level 1 step 216] Advanced 1560576 cells

Coarse STEP 109 at t = 0.02355131416 (47.10262831%) starts ...
...[level 0] estimated hydro timestep: 2.187839e-04
...[level 0] 	hydro timestep limited at cell (36, 27, 37) with signal speed = 2.142525e+01
...[level 0] 	cell density = 2.571262e-01, |v| = 8.261746e-01, cs = 7.515638e+00
...[level 0] timestep limited by HYDRO
...[level 1] estimated hydro timestep: 1.060404e-04
...[level 1] 	hydro timestep limited at cell (73, 54, 53) with signal speed = 2.210243e+01
...[level 1] 	cell density = 2.437680e-01, |v| = 9.096665e-01, cs = 7.310572e+00
...[level 1] timestep limited by HYDRO
...coarse timestep set by level 1
Creating new distribution map on level: 1
[Level 0 step 109] ADVANCE with time = 2.3551314157e-02 dt = 2.1208074311e-04
[Level 0 step 109] Advanced 262144 cells
[Level 1 step 217] ADVANCE with time = 2.3551314157e-02 dt = 1.0604037155e-04
[Level 1 step 217] Advanced 1585152 cells
[Level 1 step 218] ADVANCE with time = 2.3657354529e-02 dt = 1.0604037155e-04
[Level 1 step 218] Advanced 1585152 cells

Coarse STEP 110 at t = 0.0237633949 (47.5267898%) starts ...
...[level 0] estimated hydro timestep: 2.211493e-04
...[level 0] 	hydro timestep limited at cell (36, 27, 37) with signal speed = 2.119609e+01
...[level 0] 	cell density = 2.579645e-01, |v| = 6.124265e-01, cs = 7.599345e+00
...[level 0] timestep limited by HYDRO
...[level 1] estimated hydro timestep: 1.070412e-04
...[level 1] 	hydro timestep limited at cell (54, 73, 53) with signal speed = 2.189577e+01
...[level 1] 	cell density = 2.453408e-01, |v| = 7.123079e-01, cs = 7.418516e+00
...[level 1] timestep limited by HYDRO
...coarse timestep set by level 1
[Level 0 step 110] ADVANCE with time = 2.3763394900e-02 dt = 2.1408246277e-04
[Level 0 step 110] Advanced 262144 cells
[Level 1 step 219] ADVANCE with time = 2.3763394900e-02 dt = 1.0704123139e-04
[Level 1 step 219] Advanced 1585152 cells
[Level 1 step 220] ADVANCE with time = 2.3870436132e-02 dt = 1.0704123139e-04
[Level 1 step 220] Advanced 1585152 cells

Coarse STEP 111 at t = 0.02397747736 (47.95495473%) starts ...
...[level 0] estimated hydro timestep: 2.231217e-04
...[level 0] 	hydro timestep limited at cell (36, 27, 37) with signal speed = 2.100871e+01
...[level 0] 	cell density = 2.588355e-01, |v| = 4.490576e-01, cs = 7.659688e+00
...[level 0] timestep limited by HYDRO
...[level 1] estimated hydro timestep: 1.077735e-04
...[level 1] 	hydro timestep limited at cell (54, 73, 53) with signal speed = 2.174699e+01
...[level 1] 	cell density = 2.465337e-01, |v| = 5.835894e-01, cs = 7.486857e+00
...[level 1] timestep limited by HYDRO
...coarse timestep set by level 1
[Level 0 step 111] ADVANCE with time = 2.3977477363e-02 dt = 2.1554703546e-04
[Level 0 step 111] Advanced 262144 cells
[Level 1 step 221] ADVANCE with time = 2.3977477363e-02 dt = 1.0777351773e-04
[Level 1 step 221] Advanced 1585152 cells
[Level 1 step 222] ADVANCE with time = 2.4085250881e-02 dt = 1.0777351773e-04
[Level 1 step 222] Advanced 1585152 cells

Coarse STEP 112 at t = 0.0241930244 (48.3860488%) starts ...
...[level 0] estimated hydro timestep: 2.248982e-04
...[level 0] 	hydro timestep limited at cell (27, 36, 26) with signal speed = 2.084277e+01
...[level 0] 	cell density = 2.593747e-01, |v| = 3.273069e-01, cs = 7.695067e+00
...[level 0] timestep limited by HYDRO
...[level 1] estimated hydro timestep: 1.086591e-04
...[level 1] 	hydro timestep limited at cell (73, 54, 53) with signal speed = 2.156976e+01
...[level 1] 	cell density = 2.471164e-01, |v| = 4.574861e-01, cs = 7.542646e+00
...[level 1] timestep limited by HYDRO
...coarse timestep set by level 1
[Level 0 step 112] ADVANCE with time = 2.4193024399e-02 dt = 2.1731815730e-04
[Level 0 step 112] Advanced 262144 cells
[Level 1 step 223] ADVANCE with time = 2.4193024399e-02 dt = 1.0865907865e-04
[Level 1 step 223] Advanced 1585152 cells
[Level 1 step 224] ADVANCE with time = 2.4301683477e-02 dt = 1.0865907865e-04
[Level 1 step 224] Advanced 1585152 cells

Coarse STEP 113 at t = 0.02441034256 (48.82068511%) starts ...
...[level 0] estimated hydro timestep: 2.266342e-04
...[level 0] 	hydro timestep limited at cell (36, 27, 37) with signal speed = 2.068311e+01
...[level 0] 	cell density = 2.591829e-01, |v| = 2.205182e-01, cs = 7.708712e+00
...[level 0] timestep limited by HYDRO
...[level 1] estimated hydro timestep: 1.097781e-04
...[level 1] 	hydro timestep limited at cell (73, 54, 53) with signal speed = 2.134988e+01
...[level 1] 	cell density = 2.466490e-01, |v| = 3.339461e-01, cs = 7.521390e+00
...[level 1] timestep limited by HYDRO
...coarse timestep set by level 1
Creating new distribution map on level: 1
[Level 0 step 113] ADVANCE with time = 2.4410342556e-02 dt = 2.1955628567e-04
[Level 0 step 113] Advanced 262144 cells
[Level 1 step 225] ADVANCE with time = 2.4410342556e-02 dt = 1.0977814284e-04
[Level 1 step 225] Advanced 1626112 cells
[Level 1 step 226] ADVANCE with time = 2.4520120699e-02 dt = 1.0977814284e-04
[Level 1 step 226] Advanced 1626112 cells

Coarse STEP 114 at t = 0.02462989884 (49.25979768%) starts ...
...[level 0] estimated hydro timestep: 2.284455e-04
...[level 0] 	hydro timestep limited at cell (36, 27, 37) with signal speed = 2.051912e+01
...[level 0] 	cell density = 2.586390e-01, |v| = 1.223897e-01, cs = 7.691507e+00
...[level 0] timestep limited by HYDRO
...[level 1] estimated hydro timestep: 1.105038e-04
...[level 1] 	hydro timestep limited at cell (50, 74, 67) with signal speed = 2.120967e+01
...[level 1] 	cell density = 2.478052e-01, |v| = 2.581470e-01, cs = 6.987990e+00
...[level 1] timestep limited by HYDRO
...coarse timestep set by level 1
[Level 0 step 114] ADVANCE with time = 2.4629898842e-02 dt = 2.2100764452e-04
[Level 0 step 114] Advanced 262144 cells
[Level 1 step 227] ADVANCE with time = 2.4629898842e-02 dt = 1.1050382226e-04
[Level 1 step 227] Advanced 1626112 cells
[Level 1 step 228] ADVANCE with time = 2.4740402664e-02 dt = 1.1050382226e-04
[Level 1 step 228] Advanced 1626112 cells

Coarse STEP 115 at t = 0.02485090649 (49.70181297%) starts ...
...[level 0] estimated hydro timestep: 2.295110e-04
...[level 0] 	hydro timestep limited at cell (25, 36, 34) with signal speed = 2.042385e+01
...[level 0] 	cell density = 2.617858e-01, |v| = 2.772970e-01, cs = 8.132439e+00
...[level 0] timestep limited by HYDRO
...[level 1] estimated hydro timestep: 1.110037e-04
...[level 1] 	hydro timestep limited at cell (50, 74, 67) with signal speed = 2.111417e+01
...[level 1] 	cell density = 2.473998e-01, |v| = 1.702017e-01, cs = 7.018828e+00
...[level 1] timestep limited by HYDRO
...coarse timestep set by level 1
[Level 0 step 115] ADVANCE with time = 2.4850906486e-02 dt = 2.2200734443e-04
[Level 0 step 115] Advanced 262144 cells
[Level 1 step 229] ADVANCE with time = 2.4850906486e-02 dt = 1.1100367222e-04
[Level 1 step 229] Advanced 1626112 cells
[Level 1 step 230] ADVANCE with time = 2.4961910158e-02 dt = 1.1100367222e-04
[Level 1 step 230] Advanced 1626112 cells

Coarse STEP 116 at t = 0.02507291383 (50.14582766%) starts ...
...[level 0] estimated hydro timestep: 2.296656e-04
...[level 0] 	hydro timestep limited at cell (27, 36, 37) with signal speed = 2.041011e+01
...[level 0] 	cell density = 2.581910e-01, |v| = 1.274448e-01, cs = 7.678765e+00
...[level 0] timestep limited by HYDRO
...[level 1] estimated hydro timestep: 1.115278e-04
...[level 1] 	hydro timestep limited at cell (50, 74, 67) with signal speed = 2.101495e+01
...[level 1] 	cell density = 2.467340e-01, |v| = 7.873572e-02, cs = 7.009031e+00
...[level 1] timestep limited by HYDRO
...coarse timestep set by level 1
[Level 0 step 116] ADVANCE with time = 2.5072913831e-02 dt = 2.2305554376e-04
[Level 0 step 116] Advanced 262144 cells
[Level 1 step 231] ADVANCE with time = 2.5072913831e-02 dt = 1.1152777188e-04
[Level 1 step 231] Advanced 1626112 cells
[Level 1 step 232] ADVANCE with time = 2.5184441602e-02 dt = 1.1152777188e-04
[Level 1 step 232] Advanced 1626112 cells

Coarse STEP 117 at t = 0.02529596937 (50.59193875%) starts ...
...[level 0] estimated hydro timestep: 2.293299e-04
...[level 0] 	hydro timestep limited at cell (27, 36, 37) with signal speed = 2.043998e+01
...[level 0] 	cell density = 2.584085e-01, |v| = 2.022127e-01, cs = 7.683293e+00
...[level 0] timestep limited by HYDRO
...[level 1] estimated hydro timestep: 1.116821e-04
...[level 1] 	hydro timestep limited at cell (50, 74, 67) with signal speed = 2.098590e+01
...[level 1] 	cell density = 2.459692e-01, |v| = 6.014287e-02, cs = 6.981140e+00
...[level 1] timestep limited by HYDRO
...coarse timestep set by level 1
[Level 0 step 117] ADVANCE with time = 2.5295969374e-02 dt = 2.2336424024e-04
[Level 0 step 117] Advanced 262144 cells
[Level 1 step 233] ADVANCE with time = 2.5295969374e-02 dt = 1.1168212012e-04
[Level 1 step 233] Advanced 1626112 cells
[Level 1 step 234] ADVANCE with time = 2.5407651494e-02 dt = 1.1168212012e-04
[Level 1 step 234] Advanced 1626112 cells

Coarse STEP 118 at t = 0.02551933361 (51.03866723%) starts ...
...[level 0] estimated hydro timestep: 2.291542e-04
...[level 0] 	hydro timestep limited at cell (27, 36, 37) with signal speed = 2.045566e+01
...[level 0] 	cell density = 2.587529e-01, |v| = 2.604760e-01, cs = 7.682384e+00
...[level 0] timestep limited by HYDRO
...[level 1] estimated hydro timestep: 1.115200e-04
...[level 1] 	hydro timestep limited at cell (50, 74, 67) with signal speed = 2.101641e+01
...[level 1] 	cell density = 2.452195e-01, |v| = 1.009196e-01, cs = 6.959260e+00
...[level 1] timestep limited by HYDRO
...coarse timestep set by level 1
[Level 0 step 118] ADVANCE with time = 2.5519333615e-02 dt = 2.2304001192e-04
[Level 0 step 118] Advanced 262144 cells
[Level 1 step 235] ADVANCE with time = 2.5519333615e-02 dt = 1.1152000596e-04
[Level 1 step 235] Advanced 1626112 cells
[Level 1 step 236] ADVANCE with time = 2.5630853621e-02 dt = 1.1152000596e-04
[Level 1 step 236] Advanced 1626112 cells

Coarse STEP 119 at t = 0.02574237363 (51.48474725%) starts ...
...[level 0] estimated hydro timestep: 2.291757e-04
...[level 0] 	hydro timestep limited at cell (27, 36, 37) with signal speed = 2.045374e+01
...[level 0] 	cell density = 2.589954e-01, |v| = 2.996679e-01, cs = 7.673416e+00
...[level 0] timestep limited by HYDRO
...[level 1] estimated hydro timestep: 1.114043e-04
...[level 1] 	hydro timestep limited at cell (50, 74, 67) with signal speed = 2.103824e+01
...[level 1] 	cell density = 2.444726e-01, |v| = 1.329131e-01, cs = 6.946499e+00
...[level 1] timestep limited by HYDRO
...coarse timestep set by level 1
[Level 0 step 119] ADVANCE with time = 2.5742373626e-02 dt = 2.2280852318e-04
[Level 0 step 119] Advanced 262144 cells
[Level 1 step 237] ADVANCE with time = 2.5742373626e-02 dt = 1.1140426159e-04
[Level 1 step 237] Advanced 1626112 cells
[Level 1 step 238] ADVANCE with time = 2.5853777888e-02 dt = 1.1140426159e-04
[Level 1 step 238] Advanced 1626112 cells

Coarse STEP 120 at t = 0.02596518215 (51.9303643%) starts ...
...[level 0] estimated hydro timestep: 2.293929e-04
...[level 0] 	hydro timestep limited at cell (27, 36, 37) with signal speed = 2.043437e+01
...[level 0] 	cell density = 2.590377e-01, |v| = 3.210529e-01, cs = 7.657931e+00
...[level 0] timestep limited by HYDRO
...[level 1] estimated hydro timestep: 1.113256e-04
...[level 1] 	hydro timestep limited at cell (50, 74, 67) with signal speed = 2.105311e+01
...[level 1] 	cell density = 2.436468e-01, |v| = 1.610825e-01, cs = 6.942408e+00
...[level 1] timestep limited by HYDRO
...coarse timestep set by level 1
[Level 0 step 120] ADVANCE with time = 2.5965182150e-02 dt = 2.2265121470e-04
[Level 0 step 120] Advanced 262144 cells
[Level 1 step 239] ADVANCE with time = 2.5965182150e-02 dt = 1.1132560735e-04
[Level 1 step 239] Advanced 1626112 cells
[Level 1 step 240] ADVANCE with time = 2.6076507757e-02 dt = 1.1132560735e-04
[Level 1 step 240] Advanced 1626112 cells

Coarse STEP 121 at t = 0.02618783336 (52.37566673%) starts ...
...[level 0] estimated hydro timestep: 2.297154e-04
...[level 0] 	hydro timestep limited at cell (27, 36, 37) with signal speed = 2.040569e+01
...[level 0] 	cell density = 2.588608e-01, |v| = 3.328833e-01, cs = 7.637315e+00
...[level 0] timestep limited by HYDRO
...[level 1] estimated hydro timestep: 1.112771e-04
...[level 1] 	hydro timestep limited at cell (50, 74, 67) with signal speed = 2.106228e+01
...[level 1] 	cell density = 2.426304e-01, |v| = 1.904847e-01, cs = 6.937730e+00
...[level 1] timestep limited by HYDRO
...coarse timestep set by level 1
Creating new distribution map on level: 1
[Level 0 step 121] ADVANCE with time = 2.6187833364e-02 dt = 2.2255423515e-04
[Level 0 step 121] Advanced 262144 cells
[Level 1 step 241] ADVANCE with time = 2.6187833364e-02 dt = 1.1127711758e-04
[Level 1 step 241] Advanced 1667072 cells
[Level 1 step 242] ADVANCE with time = 2.6299110482e-02 dt = 1.1127711758e-04
[Level 1 step 242] Advanced 1667072 cells

Coarse STEP 122 at t = 0.0264103876 (52.8207752%) starts ...
...[level 0] estimated hydro timestep: 2.300752e-04
...[level 0] 	hydro timestep limited at cell (36, 27, 37) with signal speed = 2.037377e+01
...[level 0] 	cell density = 2.584692e-01, |v| = 3.445300e-01, cs = 7.612830e+00
...[level 0] timestep limited by HYDRO
...[level 1] estimated hydro timestep: 1.112548e-04
...[level 1] 	hydro timestep limited at cell (50, 74, 67) with signal speed = 2.106651e+01
...[level 1] 	cell density = 2.414534e-01, |v| = 2.209471e-01, cs = 6.924708e+00
...[level 1] timestep limited by HYDRO
...coarse timestep set by level 1
[Level 0 step 122] ADVANCE with time = 2.6410387599e-02 dt = 2.2250959691e-04
[Level 0 step 122] Advanced 262144 cells
[Level 1 step 243] ADVANCE with time = 2.6410387599e-02 dt = 1.1125479846e-04
[Level 1 step 243] Advanced 1667072 cells
[Level 1 step 244] ADVANCE with time = 2.6521642398e-02 dt = 1.1125479846e-04
[Level 1 step 244] Advanced 1667072 cells

Coarse STEP 123 at t = 0.0266328972 (53.26579439%) starts ...
...[level 0] estimated hydro timestep: 2.304221e-04
...[level 0] 	hydro timestep limited at cell (36, 27, 37) with signal speed = 2.034310e+01
...[level 0] 	cell density = 2.579978e-01, |v| = 3.541241e-01, cs = 7.589423e+00
...[level 0] timestep limited by HYDRO
...[level 1] estimated hydro timestep: 1.112523e-04
...[level 1] 	hydro timestep limited at cell (50, 74, 67) with signal speed = 2.106698e+01
...[level 1] 	cell density = 2.404900e-01, |v| = 2.496459e-01, cs = 6.911941e+00
...[level 1] timestep limited by HYDRO
...coarse timestep set by level 1
[Level 0 step 123] ADVANCE with time = 2.6632897196e-02 dt = 2.2250461773e-04
[Level 0 step 123] Advanced 262144 cells
[Level 1 step 245] ADVANCE with time = 2.6632897196e-02 dt = 1.1125230886e-04
[Level 1 step 245] Advanced 1667072 cells
[Level 1 step 246] ADVANCE with time = 2.6744149505e-02 dt = 1.1125230886e-04
[Level 1 step 246] Advanced 1667072 cells

Coarse STEP 124 at t = 0.02685540181 (53.71080363%) starts ...
...[level 0] estimated hydro timestep: 2.306474e-04
...[level 0] 	hydro timestep limited at cell (28, 38, 27) with signal speed = 2.032323e+01
...[level 0] 	cell density = 2.550809e-01, |v| = 3.445365e-01, cs = 7.483299e+00
...[level 0] timestep limited by HYDRO
...[level 1] estimated hydro timestep: 1.112289e-04
...[level 1] 	hydro timestep limited at cell (50, 74, 67) with signal speed = 2.107141e+01
...[level 1] 	cell density = 2.399820e-01, |v| = 2.808430e-01, cs = 6.912332e+00
...[level 1] timestep limited by HYDRO
...coarse timestep set by level 1
[Level 0 step 124] ADVANCE with time = 2.6855401814e-02 dt = 2.2245782699e-04
[Level 0 step 124] Advanced 262144 cells
[Level 1 step 247] ADVANCE with time = 2.6855401814e-02 dt = 1.1122891349e-04
[Level 1 step 247] Advanced 1667072 cells
[Level 1 step 248] ADVANCE with time = 2.6966630728e-02 dt = 1.1122891349e-04
[Level 1 step 248] Advanced 1667072 cells

Coarse STEP 125 at t = 0.02707785964 (54.15571928%) starts ...
...[level 0] estimated hydro timestep: 2.307932e-04
...[level 0] 	hydro timestep limited at cell (28, 38, 27) with signal speed = 2.031039e+01
...[level 0] 	cell density = 2.544395e-01, |v| = 3.610198e-01, cs = 7.463730e+00
...[level 0] timestep limited by HYDRO
...[level 1] estimated hydro timestep: 1.112099e-04
...[level 1] 	hydro timestep limited at cell (50, 74, 67) with signal speed = 2.107500e+01
...[level 1] 	cell density = 2.397213e-01, |v| = 3.128474e-01, cs = 6.921777e+00
...[level 1] timestep limited by HYDRO
...coarse timestep set by level 1
[Level 0 step 125] ADVANCE with time = 2.7077859641e-02 dt = 2.2241987951e-04
[Level 0 step 125] Advanced 262144 cells
[Level 1 step 249] ADVANCE with time = 2.7077859641e-02 dt = 1.1120993975e-04
[Level 1 step 249] Advanced 1667072 cells
[Level 1 step 250] ADVANCE with time = 2.7189069581e-02 dt = 1.1120993975e-04
[Level 1 step 250] Advanced 1667072 cells

Coarse STEP 126 at t = 0.02730027952 (54.60055904%) starts ...
...[level 0] estimated hydro timestep: 2.309940e-04
...[level 0] 	hydro timestep limited at cell (28, 38, 27) with signal speed = 2.029274e+01
...[level 0] 	cell density = 2.538030e-01, |v| = 3.746882e-01, cs = 7.443600e+00
...[level 0] timestep limited by HYDRO
...[level 1] estimated hydro timestep: 1.112442e-04
...[level 1] 	hydro timestep limited at cell (50, 74, 67) with signal speed = 2.106852e+01
...[level 1] 	cell density = 2.393748e-01, |v| = 3.410459e-01, cs = 6.926182e+00
...[level 1] timestep limited by HYDRO
...coarse timestep set by level 1
[Level 0 step 126] ADVANCE with time = 2.7300279521e-02 dt = 2.2248831038e-04
[Level 0 step 126] Advanced 262144 cells
[Level 1 step 251] ADVANCE with time = 2.7300279521e-02 dt = 1.1124415519e-04
[Level 1 step 251] Advanced 1667072 cells
[Level 1 step 252] ADVANCE with time = 2.7411523676e-02 dt = 1.1124415519e-04
[Level 1 step 252] Advanced 1667072 cells

Coarse STEP 127 at t = 0.02752276783 (55.04553566%) starts ...
...[level 0] estimated hydro timestep: 2.312200e-04
...[level 0] 	hydro timestep limited at cell (28, 38, 27) with signal speed = 2.027290e+01
...[level 0] 	cell density = 2.531472e-01, |v| = 3.885151e-01, cs = 7.421521e+00
...[level 0] timestep limited by HYDRO
...[level 1] estimated hydro timestep: 1.113278e-04
...[level 1] 	hydro timestep limited at cell (50, 74, 67) with signal speed = 2.105269e+01
...[level 1] 	cell density = 2.387409e-01, |v| = 3.671604e-01, cs = 6.910944e+00
...[level 1] timestep limited by HYDRO
...coarse timestep set by level 1
[Level 0 step 127] ADVANCE with time = 2.7522767831e-02 dt = 2.2265565826e-04
[Level 0 step 127] Advanced 262144 cells
[Level 1 step 253] ADVANCE with time = 2.7522767831e-02 dt = 1.1132782913e-04
[Level 1 step 253] Advanced 1667072 cells
[Level 1 step 254] ADVANCE with time = 2.7634095660e-02 dt = 1.1132782913e-04
[Level 1 step 254] Advanced 1667072 cells

Coarse STEP 128 at t = 0.02774542349 (55.49084698%) starts ...
...[level 0] estimated hydro timestep: 2.313940e-04
...[level 0] 	hydro timestep limited at cell (38, 28, 36) with signal speed = 2.025766e+01
...[level 0] 	cell density = 2.530185e-01, |v| = 4.148813e-01, cs = 7.396839e+00
...[level 0] timestep limited by HYDRO
...[level 1] estimated hydro timestep: 1.114431e-04
...[level 1] 	hydro timestep limited at cell (50, 74, 67) with signal speed = 2.103091e+01
...[level 1] 	cell density = 2.379439e-01, |v| = 3.909854e-01, cs = 6.882314e+00
...[level 1] timestep limited by HYDRO
...coarse timestep set by level 1
[Level 0 step 128] ADVANCE with time = 2.7745423489e-02 dt = 2.2288624445e-04
[Level 0 step 128] Advanced 262144 cells
[Level 1 step 255] ADVANCE with time = 2.7745423489e-02 dt = 1.1144312222e-04
[Level 1 step 255] Advanced 1667072 cells
[Level 1 step 256] ADVANCE with time = 2.7856866611e-02 dt = 1.1144312222e-04
[Level 1 step 256] Advanced 1667072 cells

Coarse STEP 129 at t = 0.02796830973 (55.93661947%) starts ...
...[level 0] estimated hydro timestep: 2.314996e-04
...[level 0] 	hydro timestep limited at cell (36, 25, 30) with signal speed = 2.024842e+01
...[level 0] 	cell density = 2.544632e-01, |v| = 6.021811e-01, cs = 8.392957e+00
...[level 0] timestep limited by HYDRO
...[level 1] estimated hydro timestep: 1.115685e-04
...[level 1] 	hydro timestep limited at cell (50, 74, 67) with signal speed = 2.100727e+01
...[level 1] 	cell density = 2.371491e-01, |v| = 4.117873e-01, cs = 6.850975e+00
...[level 1] timestep limited by HYDRO
...coarse timestep set by level 1
[Level 0 step 129] ADVANCE with time = 2.7968309734e-02 dt = 2.2313707951e-04
[Level 0 step 129] Advanced 262144 cells
[Level 1 step 257] ADVANCE with time = 2.7968309734e-02 dt = 1.1156853976e-04
[Level 1 step 257] Advanced 1667072 cells
[Level 1 step 258] ADVANCE with time = 2.8079878273e-02 dt = 1.1156853976e-04
[Level 1 step 258] Advanced 1667072 cells

Coarse STEP 130 at t = 0.02819144681 (56.38289363%) starts ...
...[level 0] estimated hydro timestep: 2.314960e-04
...[level 0] 	hydro timestep limited at cell (36, 25, 30) with signal speed = 2.024873e+01
...[level 0] 	cell density = 2.532878e-01, |v| = 6.203574e-01, cs = 8.375347e+00
...[level 0] timestep limited by HYDRO
...[level 1] estimated hydro timestep: 1.116940e-04
...[level 1] 	hydro timestep limited at cell (50, 74, 67) with signal speed = 2.098367e+01
...[level 1] 	cell density = 2.364281e-01, |v| = 4.294430e-01, cs = 6.819410e+00
...[level 1] timestep limited by HYDRO
...coarse timestep set by level 1
[Level 0 step 130] ADVANCE with time = 2.8191446813e-02 dt = 2.2338794374e-04
[Level 0 step 130] Advanced 262144 cells
[Level 1 step 259] ADVANCE with time = 2.8191446813e-02 dt = 1.1169397187e-04
[Level 1 step 259] Advanced 1667072 cells
[Level 1 step 260] ADVANCE with time = 2.8303140785e-02 dt = 1.1169397187e-04
[Level 1 step 260] Advanced 1667072 cells

Coarse STEP 131 at t = 0.02841483476 (56.82966951%) starts ...
...[level 0] estimated hydro timestep: 2.315168e-04
...[level 0] 	hydro timestep limited at cell (36, 25, 30) with signal speed = 2.024691e+01
...[level 0] 	cell density = 2.520924e-01, |v| = 6.356567e-01, cs = 8.355842e+00
...[level 0] timestep limited by HYDRO
...[level 1] estimated hydro timestep: 1.118243e-04
...[level 1] 	hydro timestep limited at cell (50, 74, 67) with signal speed = 2.095922e+01
...[level 1] 	cell density = 2.357773e-01, |v| = 4.435533e-01, cs = 6.786474e+00
...[level 1] timestep limited by HYDRO
...coarse timestep set by level 1
Creating new distribution map on level: 1
[Level 0 step 131] ADVANCE with time = 2.8414834757e-02 dt = 2.2364857917e-04
[Level 0 step 131] Advanced 262144 cells
[Level 1 step 261] ADVANCE with time = 2.8414834757e-02 dt = 1.1182428959e-04
[Level 1 step 261] Advanced 1798144 cells
[Level 1 step 262] ADVANCE with time = 2.8526659047e-02 dt = 1.1182428959e-04
[Level 1 step 262] Advanced 1798144 cells

Coarse STEP 132 at t = 0.02863848334 (57.27696667%) starts ...
...[level 0] estimated hydro timestep: 2.314374e-04
...[level 0] 	hydro timestep limited at cell (28, 30, 39) with signal speed = 2.025386e+01
...[level 0] 	cell density = 2.542408e-01, |v| = 7.937127e-01, cs = 8.288268e+00
...[level 0] timestep limited by HYDRO
...[level 1] estimated hydro timestep: 1.119422e-04
...[level 1] 	hydro timestep limited at cell (77, 53, 67) with signal speed = 2.093714e+01
...[level 1] 	cell density = 2.355952e-01, |v| = 4.707930e-01, cs = 6.752571e+00
...[level 1] timestep limited by HYDRO
...coarse timestep set by level 1
[Level 0 step 132] ADVANCE with time = 2.8638483336e-02 dt = 2.2388442417e-04
[Level 0 step 132] Advanced 262144 cells
[Level 1 step 263] ADVANCE with time = 2.8638483336e-02 dt = 1.1194221208e-04
[Level 1 step 263] Advanced 1798144 cells
[Level 1 step 264] ADVANCE with time = 2.8750425548e-02 dt = 1.1194221208e-04
[Level 1 step 264] Advanced 1798144 cells

Coarse STEP 133 at t = 0.02886236776 (57.72473552%) starts ...
...[level 0] estimated hydro timestep: 2.313148e-04
...[level 0] 	hydro timestep limited at cell (28, 30, 39) with signal speed = 2.026459e+01
...[level 0] 	cell density = 2.529836e-01, |v| = 8.107416e-01, cs = 8.269332e+00
...[level 0] timestep limited by HYDRO
...[level 1] estimated hydro timestep: 1.120305e-04
...[level 1] 	hydro timestep limited at cell (77, 53, 67) with signal speed = 2.092065e+01
...[level 1] 	cell density = 2.351134e-01, |v| = 4.897909e-01, cs = 6.718460e+00
...[level 1] timestep limited by HYDRO
...coarse timestep set by level 1
Creating new distribution map on level: 1
[Level 0 step 133] ADVANCE with time = 2.8862367760e-02 dt = 2.2406094585e-04
[Level 0 step 133] Advanced 262144 cells
[Level 1 step 265] ADVANCE with time = 2.8862367760e-02 dt = 1.1203047293e-04
[Level 1 step 265] Advanced 1814528 cells
[Level 1 step 266] ADVANCE with time = 2.8974398233e-02 dt = 1.1203047293e-04
[Level 1 step 266] Advanced 1814528 cells

Coarse STEP 134 at t = 0.02908642871 (58.17285741%) starts ...
...[level 0] estimated hydro timestep: 2.312319e-04
...[level 0] 	hydro timestep limited at cell (28, 30, 39) with signal speed = 2.027185e+01
...[level 0] 	cell density = 2.517802e-01, |v| = 8.278359e-01, cs = 8.252486e+00
...[level 0] timestep limited by HYDRO
...[level 1] estimated hydro timestep: 1.121058e-04
...[level 1] 	hydro timestep limited at cell (77, 53, 67) with signal speed = 2.090659e+01
...[level 1] 	cell density = 2.346293e-01, |v| = 5.108813e-01, cs = 6.682491e+00
...[level 1] timestep limited by HYDRO
...coarse timestep set by level 1
[Level 0 step 134] ADVANCE with time = 2.9086428706e-02 dt = 2.2421158405e-04
[Level 0 step 134] Advanced 262144 cells
[Level 1 step 267] ADVANCE with time = 2.9086428706e-02 dt = 1.1210579203e-04
[Level 1 step 267] Advanced 1814528 cells
[Level 1 step 268] ADVANCE with time = 2.9198534498e-02 dt = 1.1210579203e-04
[Level 1 step 268] Advanced 1814528 cells

Coarse STEP 135 at t = 0.02931064029 (58.62128058%) starts ...
...[level 0] estimated hydro timestep: 2.312033e-04
...[level 0] 	hydro timestep limited at cell (28, 30, 39) with signal speed = 2.027437e+01
...[level 0] 	cell density = 2.505834e-01, |v| = 8.440688e-01, cs = 8.234669e+00
...[level 0] timestep limited by HYDRO
...[level 1] estimated hydro timestep: 1.121760e-04
...[level 1] 	hydro timestep limited at cell (77, 53, 67) with signal speed = 2.089351e+01
...[level 1] 	cell density = 2.341143e-01, |v| = 5.335284e-01, cs = 6.643832e+00
...[level 1] timestep limited by HYDRO
...coarse timestep set by level 1
[Level 0 step 135] ADVANCE with time = 2.9310640290e-02 dt = 2.2435198517e-04
[Level 0 step 135] Advanced 262144 cells
[Level 1 step 269] ADVANCE with time = 2.9310640290e-02 dt = 1.1217599259e-04
[Level 1 step 269] Advanced 1814528 cells
[Level 1 step 270] ADVANCE with time = 2.9422816283e-02 dt = 1.1217599259e-04
[Level 1 step 270] Advanced 1814528 cells

Coarse STEP 136 at t = 0.02953499228 (59.06998455%) starts ...
...[level 0] estimated hydro timestep: 2.311888e-04
...[level 0] 	hydro timestep limited at cell (38, 27, 33) with signal speed = 2.027564e+01
...[level 0] 	cell density = 2.463600e-01, |v| = 7.383116e-01, cs = 8.254857e+00
...[level 0] timestep limited by HYDRO
...[level 1] estimated hydro timestep: 1.122528e-04
...[level 1] 	hydro timestep limited at cell (77, 53, 67) with signal speed = 2.087921e+01
...[level 1] 	cell density = 2.335870e-01, |v| = 5.568763e-01, cs = 6.603322e+00
...[level 1] timestep limited by HYDRO
...coarse timestep set by level 1
[Level 0 step 136] ADVANCE with time = 2.9534992275e-02 dt = 2.2450563856e-04
[Level 0 step 136] Advanced 262144 cells
[Level 1 step 271] ADVANCE with time = 2.9534992275e-02 dt = 1.1225281928e-04
[Level 1 step 271] Advanced 1814528 cells
[Level 1 step 272] ADVANCE with time = 2.9647245095e-02 dt = 1.1225281928e-04
[Level 1 step 272] Advanced 1814528 cells

Coarse STEP 137 at t = 0.02975949791 (59.51899583%) starts ...
...[level 0] estimated hydro timestep: 2.310824e-04
...[level 0] 	hydro timestep limited at cell (38, 27, 33) with signal speed = 2.028497e+01
...[level 0] 	cell density = 2.452087e-01, |v| = 7.603863e-01, cs = 8.234306e+00
...[level 0] timestep limited by HYDRO
...[level 1] estimated hydro timestep: 1.123277e-04
...[level 1] 	hydro timestep limited at cell (53, 77, 60) with signal speed = 2.086528e+01
...[level 1] 	cell density = 2.333051e-01, |v| = 5.890943e-01, cs = 6.560296e+00
...[level 1] timestep limited by HYDRO
...coarse timestep set by level 1
Creating new distribution map on level: 1
[Level 0 step 137] ADVANCE with time = 2.9759497914e-02 dt = 2.2465549755e-04
[Level 0 step 137] Advanced 262144 cells
[Level 1 step 273] ADVANCE with time = 2.9759497914e-02 dt = 1.1232774878e-04
[Level 1 step 273] Advanced 1818624 cells
[Level 1 step 274] ADVANCE with time = 2.9871825663e-02 dt = 1.1232774878e-04
[Level 1 step 274] Advanced 1818624 cells

Coarse STEP 138 at t = 0.02998415341 (59.96830682%) starts ...
...[level 0] estimated hydro timestep: 2.277879e-04
...[level 0] 	hydro timestep limited at cell (31, 31, 31) with signal speed = 2.057835e+01
...[level 0] 	cell density = 2.651874e-01, |v| = 1.131152e+00, cs = 1.062498e+01
...[level 0] timestep limited by HYDRO
...[level 1] estimated hydro timestep: 1.106158e-04
...[level 1] 	hydro timestep limited at cell (64, 64, 62) with signal speed = 2.118820e+01
...[level 1] 	cell density = 2.680178e-01, |v| = 1.751002e+00, cs = 1.048146e+01
...[level 1] timestep limited by HYDRO
...coarse timestep set by level 1
[Level 0 step 138] ADVANCE with time = 2.9984153412e-02 dt = 2.2123161887e-04
[Level 0 step 138] Advanced 262144 cells
[Level 1 step 275] ADVANCE with time = 2.9984153412e-02 dt = 1.1061580944e-04
[Level 1 step 275] Advanced 1818624 cells
[Level 1 step 276] ADVANCE with time = 3.0094769221e-02 dt = 1.1061580944e-04
[Level 1 step 276] Advanced 1818624 cells

Coarse STEP 139 at t = 0.03020538503 (60.41077006%) starts ...
...[level 0] estimated hydro timestep: 2.230519e-04
...[level 0] 	hydro timestep limited at cell (31, 31, 31) with signal speed = 2.101529e+01
...[level 0] 	cell density = 2.829182e-01, |v| = 1.057733e+00, cs = 1.088742e+01
...[level 0] timestep limited by HYDRO
...[level 1] estimated hydro timestep: 1.089247e-04
...[level 1] 	hydro timestep limited at cell (62, 63, 63) with signal speed = 2.151715e+01
...[level 1] 	cell density = 2.761241e-01, |v| = 1.239751e+00, cs = 1.108790e+01
...[level 1] timestep limited by HYDRO
...coarse timestep set by level 1
Creating new distribution map on level: 1
[Level 0 step 139] ADVANCE with time = 3.0205385030e-02 dt = 2.1784943829e-04
[Level 0 step 139] Advanced 262144 cells
[Level 1 step 277] ADVANCE with time = 3.0205385030e-02 dt = 1.0892471915e-04
[Level 1 step 277] Advanced 1908736 cells
[Level 1 step 278] ADVANCE with time = 3.0314309750e-02 dt = 1.0892471915e-04
[Level 1 step 278] Advanced 1908736 cells

Coarse STEP 140 at t = 0.03042323447 (60.84646894%) starts ...
...[level 0] estimated hydro timestep: 2.211963e-04
...[level 0] 	hydro timestep limited at cell (31, 31, 31) with signal speed = 2.119158e+01
...[level 0] 	cell density = 2.974083e-01, |v| = 8.160782e-01, cs = 1.107401e+01
...[level 0] timestep limited by HYDRO
...[level 1] estimated hydro timestep: 1.075205e-04
...[level 1] 	hydro timestep limited at cell (64, 64, 63) with signal speed = 2.179818e+01
...[level 1] 	cell density = 2.848107e-01, |v| = 4.455341e-01, cs = 1.149671e+01
...[level 1] timestep limited by HYDRO
...coarse timestep set by level 1
[Level 0 step 140] ADVANCE with time = 3.0423234469e-02 dt = 2.1504092959e-04
[Level 0 step 140] Advanced 262144 cells
[Level 1 step 279] ADVANCE with time = 3.0423234469e-02 dt = 1.0752046480e-04
[Level 1 step 279] Advanced 1908736 cells
[Level 1 step 280] ADVANCE with time = 3.0530754933e-02 dt = 1.0752046480e-04
[Level 1 step 280] Advanced 1908736 cells

Coarse STEP 141 at t = 0.0306382754 (61.2765508%) starts ...
...[level 0] estimated hydro timestep: 2.213466e-04
...[level 0] 	hydro timestep limited at cell (31, 31, 31) with signal speed = 2.117719e+01
...[level 0] 	cell density = 3.056382e-01, |v| = 5.211487e-01, cs = 1.112692e+01
...[level 0] timestep limited by HYDRO
...[level 1] estimated hydro timestep: 1.066023e-04
...[level 1] 	hydro timestep limited at cell (63, 63, 63) with signal speed = 2.198592e+01
...[level 1] 	cell density = 2.909164e-01, |v| = 3.282776e-01, cs = 1.149835e+01
...[level 1] timestep limited by HYDRO
...coarse timestep set by level 1
Creating new distribution map on level: 1
[Level 0 step 141] ADVANCE with time = 3.0638275398e-02 dt = 2.1320460619e-04
[Level 0 step 141] Advanced 262144 cells
[Level 1 step 281] ADVANCE with time = 3.0638275398e-02 dt = 1.0660230310e-04
[Level 1 step 281] Advanced 1957888 cells
[Level 1 step 282] ADVANCE with time = 3.0744877701e-02 dt = 1.0660230310e-04
[Level 1 step 282] Advanced 1957888 cells

Coarse STEP 142 at t = 0.03085148 (61.70296001%) starts ...
...[level 0] estimated hydro timestep: 2.221102e-04
...[level 0] 	hydro timestep limited at cell (31, 31, 32) with signal speed = 2.110439e+01
...[level 0] 	cell density = 3.073397e-01, |v| = 3.052448e-01, cs = 1.106472e+01
...[level 0] timestep limited by HYDRO
...[level 1] estimated hydro timestep: 1.069777e-04
...[level 1] 	hydro timestep limited at cell (64, 64, 64) with signal speed = 2.190878e+01
...[level 1] 	cell density = 2.897082e-01, |v| = 1.832867e-01, cs = 1.141669e+01
...[level 1] timestep limited by HYDRO
...coarse timestep set by level 1
[Level 0 step 142] ADVANCE with time = 3.0851480004e-02 dt = 2.1395531000e-04
[Level 0 step 142] Advanced 262144 cells
[Level 1 step 283] ADVANCE with time = 3.0851480004e-02 dt = 1.0697765500e-04
[Level 1 step 283] Advanced 1957888 cells
[Level 1 step 284] ADVANCE with time = 3.0958457659e-02 dt = 1.0697765500e-04
[Level 1 step 284] Advanced 1957888 cells

Coarse STEP 143 at t = 0.03106543531 (62.13087063%) starts ...
...[level 0] estimated hydro timestep: 2.220826e-04
...[level 0] 	hydro timestep limited at cell (31, 31, 32) with signal speed = 2.110701e+01
...[level 0] 	cell density = 3.051026e-01, |v| = 2.676655e-01, cs = 1.097741e+01
...[level 0] timestep limited by HYDRO
...[level 1] estimated hydro timestep: 1.074394e-04
...[level 1] 	hydro timestep limited at cell (64, 64, 64) with signal speed = 2.181462e+01
...[level 1] 	cell density = 2.862794e-01, |v| = 1.282822e-01, cs = 1.134428e+01
...[level 1] timestep limited by HYDRO
...coarse timestep set by level 1
Creating new distribution map on level: 1
[Level 0 step 143] ADVANCE with time = 3.1065435314e-02 dt = 2.1487879902e-04
[Level 0 step 143] Advanced 262144 cells
[Level 1 step 285] ADVANCE with time = 3.1065435314e-02 dt = 1.0743939951e-04
[Level 1 step 285] Advanced 1933312 cells
[Level 1 step 286] ADVANCE with time = 3.1172874714e-02 dt = 1.0743939951e-04
[Level 1 step 286] Advanced 1933312 cells

Coarse STEP 144 at t = 0.03128031411 (62.56062823%) starts ...
...[level 0] estimated hydro timestep: 2.220782e-04
...[level 0] 	hydro timestep limited at cell (31, 31, 32) with signal speed = 2.110743e+01
...[level 0] 	cell density = 3.013506e-01, |v| = 2.802489e-01, cs = 1.091099e+01
...[level 0] timestep limited by HYDRO
...[level 1] estimated hydro timestep: 1.077495e-04
...[level 1] 	hydro timestep limited at cell (64, 64, 64) with signal speed = 2.175185e+01
...[level 1] 	cell density = 2.818271e-01, |v| = 1.343086e-01, cs = 1.126173e+01
...[level 1] timestep limited by HYDRO
...coarse timestep set by level 1
[Level 0 step 144] ADVANCE with time = 3.1280314113e-02 dt = 2.1549895119e-04
[Level 0 step 144] Advanced 262144 cells
[Level 1 step 287] ADVANCE with time = 3.1280314113e-02 dt = 1.0774947559e-04
[Level 1 step 287] Advanced 1933312 cells
[Level 1 step 288] ADVANCE with time = 3.1388063589e-02 dt = 1.0774947559e-04
[Level 1 step 288] Advanced 1933312 cells

Coarse STEP 145 at t = 0.03149581306 (62.99162613%) starts ...
...[level 0] estimated hydro timestep: 2.223999e-04
...[level 0] 	hydro timestep limited at cell (32, 32, 31) with signal speed = 2.107690e+01
...[level 0] 	cell density = 2.970626e-01, |v| = 2.909750e-01, cs = 1.085750e+01
...[level 0] timestep limited by HYDRO
...[level 1] estimated hydro timestep: 1.080349e-04
...[level 1] 	hydro timestep limited at cell (64, 64, 63) with signal speed = 2.169437e+01
...[level 1] 	cell density = 2.776031e-01, |v| = 1.513880e-01, cs = 1.119688e+01
...[level 1] timestep limited by HYDRO
...coarse timestep set by level 1
Creating new distribution map on level: 1
[Level 0 step 145] ADVANCE with time = 3.1495813065e-02 dt = 2.1606986787e-04
[Level 0 step 145] Advanced 262144 cells
[Level 1 step 289] ADVANCE with time = 3.1495813065e-02 dt = 1.0803493394e-04
[Level 1 step 289] Advanced 1986560 cells
[Level 1 step 290] ADVANCE with time = 3.1603847999e-02 dt = 1.0803493394e-04
[Level 1 step 290] Advanced 1986560 cells

Coarse STEP 146 at t = 0.03171188293 (63.42376587%) starts ...
...[level 0] estimated hydro timestep: 2.229406e-04
...[level 0] 	hydro timestep limited at cell (32, 32, 31) with signal speed = 2.102578e+01
...[level 0] 	cell density = 2.924590e-01, |v| = 2.919813e-01, cs = 1.080385e+01
...[level 0] timestep limited by HYDRO
...[level 1] estimated hydro timestep: 1.084188e-04
...[level 1] 	hydro timestep limited at cell (64, 64, 63) with signal speed = 2.161756e+01
...[level 1] 	cell density = 2.734703e-01, |v| = 1.511777e-01, cs = 1.114103e+01
...[level 1] timestep limited by HYDRO
...coarse timestep set by level 1
[Level 0 step 146] ADVANCE with time = 3.1711882933e-02 dt = 2.1683765379e-04
[Level 0 step 146] Advanced 262144 cells
[Level 1 step 291] ADVANCE with time = 3.1711882933e-02 dt = 1.0841882689e-04
[Level 1 step 291] Advanced 1986560 cells
[Level 1 step 292] ADVANCE with time = 3.1820301759e-02 dt = 1.0841882689e-04
[Level 1 step 292] Advanced 1986560 cells

Coarse STEP 147 at t = 0.03192872059 (63.85744117%) starts ...
...[level 0] estimated hydro timestep: 2.236062e-04
...[level 0] 	hydro timestep limited at cell (31, 31, 31) with signal speed = 2.096319e+01
...[level 0] 	cell density = 2.874844e-01, |v| = 2.941620e-01, cs = 1.074400e+01
...[level 0] timestep limited by HYDRO
...[level 1] estimated hydro timestep: 1.088589e-04
...[level 1] 	hydro timestep limited at cell (64, 64, 63) with signal speed = 2.153016e+01
...[level 1] 	cell density = 2.691663e-01, |v| = 1.492605e-01, cs = 1.107801e+01
...[level 1] timestep limited by HYDRO
...coarse timestep set by level 1
Creating new distribution map on level: 1
[Level 0 step 147] ADVANCE with time = 3.1928720586e-02 dt = 2.1771788696e-04
[Level 0 step 147] Advanced 262144 cells
[Level 1 step 293] ADVANCE with time = 3.1928720586e-02 dt = 1.0885894348e-04
[Level 1 step 293] Advanced 1966080 cells
[Level 1 step 294] ADVANCE with time = 3.2037579530e-02 dt = 1.0885894348e-04
[Level 1 step 294] Advanced 1966080 cells

Coarse STEP 148 at t = 0.03214643847 (64.29287695%) starts ...
...[level 0] estimated hydro timestep: 2.243305e-04
...[level 0] 	hydro timestep limited at cell (31, 31, 31) with signal speed = 2.089551e+01
...[level 0] 	cell density = 2.824052e-01, |v| = 3.000054e-01, cs = 1.068257e+01
...[level 0] timestep limited by HYDRO
...[level 1] estimated hydro timestep: 1.093164e-04
...[level 1] 	hydro timestep limited at cell (63, 63, 63) with signal speed = 2.144006e+01
...[level 1] 	cell density = 2.647111e-01, |v| = 1.532788e-01, cs = 1.100643e+01
...[level 1] timestep limited by HYDRO
...coarse timestep set by level 1
[Level 0 step 148] ADVANCE with time = 3.2146438473e-02 dt = 2.1863281101e-04
[Level 0 step 148] Advanced 262144 cells
[Level 1 step 295] ADVANCE with time = 3.2146438473e-02 dt = 1.0931640550e-04
[Level 1 step 295] Advanced 1966080 cells
[Level 1 step 296] ADVANCE with time = 3.2255754879e-02 dt = 1.0931640550e-04
[Level 1 step 296] Advanced 1966080 cells

Coarse STEP 149 at t = 0.03236507128 (64.73014257%) starts ...
...[level 0] estimated hydro timestep: 2.251298e-04
...[level 0] 	hydro timestep limited at cell (31, 31, 31) with signal speed = 2.082132e+01
...[level 0] 	cell density = 2.775815e-01, |v| = 3.005351e-01, cs = 1.063186e+01
...[level 0] timestep limited by HYDRO
...[level 1] estimated hydro timestep: 1.097814e-04
...[level 1] 	hydro timestep limited at cell (64, 64, 64) with signal speed = 2.134925e+01
...[level 1] 	cell density = 2.604119e-01, |v| = 1.576969e-01, cs = 1.094210e+01
...[level 1] timestep limited by HYDRO
...coarse timestep set by level 1
Creating new distribution map on level: 1
[Level 0 step 149] ADVANCE with time = 3.2365071284e-02 dt = 2.1956271139e-04
[Level 0 step 149] Advanced 262144 cells
[Level 1 step 297] ADVANCE with time = 3.2365071284e-02 dt = 1.0978135570e-04
[Level 1 step 297] Advanced 1986560 cells
[Level 1 step 298] ADVANCE with time = 3.2474852640e-02 dt = 1.0978135570e-04
[Level 1 step 298] Advanced 1986560 cells

Coarse STEP 150 at t = 0.032584634 (65.16926799%) starts ...
...[level 0] estimated hydro timestep: 2.259747e-04
...[level 0] 	hydro timestep limited at cell (31, 31, 31) with signal speed = 2.074347e+01
...[level 0] 	cell density = 2.730499e-01, |v| = 2.939267e-01, cs = 1.058538e+01
...[level 0] timestep limited by HYDRO
...[level 1] estimated hydro timestep: 1.102540e-04
...[level 1] 	hydro timestep limited at cell (64, 64, 64) with signal speed = 2.125772e+01
...[level 1] 	cell density = 2.563573e-01, |v| = 1.582098e-01, cs = 1.088642e+01
...[level 1] timestep limited by HYDRO
...coarse timestep set by level 1
[Level 0 step 150] ADVANCE with time = 3.2584633996e-02 dt = 2.2050808947e-04
[Level 0 step 150] Advanced 262144 cells
[Level 1 step 299] ADVANCE with time = 3.2584633996e-02 dt = 1.1025404474e-04
[Level 1 step 299] Advanced 1986560 cells
[Level 1 step 300] ADVANCE with time = 3.2694888040e-02 dt = 1.1025404474e-04
[Level 1 step 300] Advanced 1986560 cells

Coarse STEP 151 at t = 0.03280514209 (65.61028417%) starts ...
...[level 0] estimated hydro timestep: 2.268344e-04
...[level 0] 	hydro timestep limited at cell (32, 32, 32) with signal speed = 2.066485e+01
...[level 0] 	cell density = 2.688120e-01, |v| = 2.825723e-01, cs = 1.053903e+01
...[level 0] timestep limited by HYDRO
...[level 1] estimated hydro timestep: 1.107747e-04
...[level 1] 	hydro timestep limited at cell (64, 64, 64) with signal speed = 2.115781e+01
...[level 1] 	cell density = 2.524864e-01, |v| = 1.490599e-01, cs = 1.083903e+01
...[level 1] timestep limited by HYDRO
...coarse timestep set by level 1
Creating new distribution map on level: 1
[Level 0 step 151] ADVANCE with time = 3.2805142085e-02 dt = 2.2154936756e-04
[Level 0 step 151] Advanced 262144 cells
[Level 1 step 301] ADVANCE with time = 3.2805142085e-02 dt = 1.1077468378e-04
[Level 1 step 301] Advanced 2031616 cells
[Level 1 step 302] ADVANCE with time = 3.2915916769e-02 dt = 1.1077468378e-04
[Level 1 step 302] Advanced 2031616 cells

Coarse STEP 152 at t = 0.03302669145 (66.05338291%) starts ...
...[level 0] estimated hydro timestep: 2.277182e-04
...[level 0] 	hydro timestep limited at cell (32, 32, 32) with signal speed = 2.058465e+01
...[level 0] 	cell density = 2.647661e-01, |v| = 2.643201e-01, cs = 1.049038e+01
...[level 0] timestep limited by HYDRO
...[level 1] estimated hydro timestep: 1.113222e-04
...[level 1] 	hydro timestep limited at cell (64, 64, 64) with signal speed = 2.105375e+01
...[level 1] 	cell density = 2.488053e-01, |v| = 1.332075e-01, cs = 1.079569e+01
...[level 1] timestep limited by HYDRO
...coarse timestep set by level 1
[Level 0 step 152] ADVANCE with time = 3.3026691453e-02 dt = 2.2264442245e-04
[Level 0 step 152] Advanced 262144 cells
[Level 1 step 303] ADVANCE with time = 3.3026691453e-02 dt = 1.1132221122e-04
[Level 1 step 303] Advanced 2031616 cells
[Level 1 step 304] ADVANCE with time = 3.3138013664e-02 dt = 1.1132221122e-04
[Level 1 step 304] Advanced 2031616 cells

Coarse STEP 153 at t = 0.03324933588 (66.49867175%) starts ...
...[level 0] estimated hydro timestep: 2.285544e-04
...[level 0] 	hydro timestep limited at cell (31, 31, 32) with signal speed = 2.050934e+01
...[level 0] 	cell density = 2.610067e-01, |v| = 2.440143e-01, cs = 1.044337e+01
...[level 0] timestep limited by HYDRO
...[level 1] estimated hydro timestep: 1.118073e-04
...[level 1] 	hydro timestep limited at cell (63, 63, 64) with signal speed = 2.096240e+01
...[level 1] 	cell density = 2.454433e-01, |v| = 1.198330e-01, cs = 1.075530e+01
...[level 1] timestep limited by HYDRO
...coarse timestep set by level 1
[Level 0 step 153] ADVANCE with time = 3.3249335875e-02 dt = 2.2361464590e-04
[Level 0 step 153] Advanced 262144 cells
[Level 1 step 305] ADVANCE with time = 3.3249335875e-02 dt = 1.1180732295e-04
[Level 1 step 305] Advanced 2031616 cells
[Level 1 step 306] ADVANCE with time = 3.3361143198e-02 dt = 1.1180732295e-04
[Level 1 step 306] Advanced 2031616 cells

Coarse STEP 154 at t = 0.03347295052 (66.94590104%) starts ...
...[level 0] estimated hydro timestep: 2.286797e-04
...[level 0] 	hydro timestep limited at cell (38, 27, 30) with signal speed = 2.049810e+01
...[level 0] 	cell density = 2.320806e-01, |v| = 7.734513e-01, cs = 7.841976e+00
...[level 0] timestep limited by HYDRO
...[level 1] estimated hydro timestep: 1.121534e-04
...[level 1] 	hydro timestep limited at cell (63, 63, 64) with signal speed = 2.089771e+01
...[level 1] 	cell density = 2.426975e-01, |v| = 1.112659e-01, cs = 1.072109e+01
...[level 1] timestep limited by HYDRO
...coarse timestep set by level 1
[Level 0 step 154] ADVANCE with time = 3.3472950521e-02 dt = 2.2430683682e-04
[Level 0 step 154] Advanced 262144 cells
[Level 1 step 307] ADVANCE with time = 3.3472950521e-02 dt = 1.1215341841e-04
[Level 1 step 307] Advanced 2031616 cells
[Level 1 step 308] ADVANCE with time = 3.3585103939e-02 dt = 1.1215341841e-04
[Level 1 step 308] Advanced 2031616 cells

Coarse STEP 155 at t = 0.03369725736 (67.39451472%) starts ...
...[level 0] estimated hydro timestep: 2.286315e-04
...[level 0] 	hydro timestep limited at cell (38, 27, 30) with signal speed = 2.050242e+01
...[level 0] 	cell density = 2.318389e-01, |v| = 7.395511e-01, cs = 7.818775e+00
...[level 0] timestep limited by HYDRO
...[level 1] estimated hydro timestep: 1.123662e-04
...[level 1] 	hydro timestep limited at cell (63, 63, 64) with signal speed = 2.085814e+01
...[level 1] 	cell density = 2.404871e-01, |v| = 1.049325e-01, cs = 1.069333e+01
...[level 1] timestep limited by HYDRO
...coarse timestep set by level 1
[Level 0 step 155] ADVANCE with time = 3.3697257358e-02 dt = 2.2473245708e-04
[Level 0 step 155] Advanced 262144 cells
[Level 1 step 309] ADVANCE with time = 3.3697257358e-02 dt = 1.1236622854e-04
[Level 1 step 309] Advanced 2031616 cells
[Level 1 step 310] ADVANCE with time = 3.3809623586e-02 dt = 1.1236622854e-04
[Level 1 step 310] Advanced 2031616 cells

Coarse STEP 156 at t = 0.03392198981 (67.84397963%) starts ...
...[level 0] estimated hydro timestep: 2.285828e-04
...[level 0] 	hydro timestep limited at cell (36, 25, 30) with signal speed = 2.050679e+01
...[level 0] 	cell density = 2.315569e-01, |v| = 6.983013e-01, cs = 7.801958e+00
...[level 0] timestep limited by HYDRO
...[level 1] estimated hydro timestep: 1.124911e-04
...[level 1] 	hydro timestep limited at cell (63, 63, 64) with signal speed = 2.083498e+01
...[level 1] 	cell density = 2.385784e-01, |v| = 1.022361e-01, cs = 1.066711e+01
...[level 1] timestep limited by HYDRO
...coarse timestep set by level 1
[Level 0 step 156] ADVANCE with time = 3.3921989815e-02 dt = 2.2498225480e-04
[Level 0 step 156] Advanced 262144 cells
[Level 1 step 311] ADVANCE with time = 3.3921989815e-02 dt = 1.1249112740e-04
[Level 1 step 311] Advanced 2031616 cells
[Level 1 step 312] ADVANCE with time = 3.4034480942e-02 dt = 1.1249112740e-04
[Level 1 step 312] Advanced 2031616 cells

Coarse STEP 157 at t = 0.03414697207 (68.29394414%) starts ...
...[level 0] estimated hydro timestep: 2.285539e-04
...[level 0] 	hydro timestep limited at cell (36, 25, 30) with signal speed = 2.050939e+01
...[level 0] 	cell density = 2.315716e-01, |v| = 6.539148e-01, cs = 7.783784e+00
...[level 0] timestep limited by HYDRO
...[level 1] estimated hydro timestep: 1.125027e-04
...[level 1] 	hydro timestep limited at cell (77, 54, 60) with signal speed = 2.083283e+01
...[level 1] 	cell density = 2.257201e-01, |v| = 7.002198e-01, cs = 6.845977e+00
...[level 1] timestep limited by HYDRO
...coarse timestep set by level 1
[Level 0 step 157] ADVANCE with time = 3.4146972070e-02 dt = 2.2500545436e-04
[Level 0 step 157] Advanced 262144 cells
[Level 1 step 313] ADVANCE with time = 3.4146972070e-02 dt = 1.1250272718e-04
[Level 1 step 313] Advanced 2031616 cells
[Level 1 step 314] ADVANCE with time = 3.4259474797e-02 dt = 1.1250272718e-04
[Level 1 step 314] Advanced 2031616 cells

Coarse STEP 158 at t = 0.03437197752 (68.74395505%) starts ...
...[level 0] estimated hydro timestep: 2.285804e-04
...[level 0] 	hydro timestep limited at cell (36, 25, 30) with signal speed = 2.050701e+01
...[level 0] 	cell density = 2.317183e-01, |v| = 6.005182e-01, cs = 7.767188e+00
...[level 0] timestep limited by HYDRO
...[level 1] estimated hydro timestep: 1.125392e-04
...[level 1] 	hydro timestep limited at cell (54, 77, 67) with signal speed = 2.082607e+01
...[level 1] 	cell density = 2.260651e-01, |v| = 6.635516e-01, cs = 6.813597e+00
...[level 1] timestep limited by HYDRO
...coarse timestep set by level 1
[Level 0 step 158] ADVANCE with time = 3.4371977524e-02 dt = 2.2507848300e-04
[Level 0 step 158] Advanced 262144 cells
[Level 1 step 315] ADVANCE with time = 3.4371977524e-02 dt = 1.1253924150e-04
[Level 1 step 315] Advanced 2031616 cells
[Level 1 step 316] ADVANCE with time = 3.4484516766e-02 dt = 1.1253924150e-04
[Level 1 step 316] Advanced 2031616 cells

Coarse STEP 159 at t = 0.03459705601 (69.19411201%) starts ...
...[level 0] estimated hydro timestep: 2.286400e-04
...[level 0] 	hydro timestep limited at cell (36, 25, 30) with signal speed = 2.050166e+01
...[level 0] 	cell density = 2.320239e-01, |v| = 5.403834e-01, cs = 7.754772e+00
...[level 0] timestep limited by HYDRO
...[level 1] estimated hydro timestep: 1.125725e-04
...[level 1] 	hydro timestep limited at cell (73, 50, 60) with signal speed = 2.081992e+01
...[level 1] 	cell density = 2.265881e-01, |v| = 6.161357e-01, cs = 6.792411e+00
...[level 1] timestep limited by HYDRO
...coarse timestep set by level 1
[Level 0 step 159] ADVANCE with time = 3.4597056007e-02 dt = 2.2514496660e-04
[Level 0 step 159] Advanced 262144 cells
[Level 1 step 317] ADVANCE with time = 3.4597056007e-02 dt = 1.1257248330e-04
[Level 1 step 317] Advanced 2031616 cells
[Level 1 step 318] ADVANCE with time = 3.4709628490e-02 dt = 1.1257248330e-04
[Level 1 step 318] Advanced 2031616 cells

Coarse STEP 160 at t = 0.03482220097 (69.64440195%) starts ...
...[level 0] estimated hydro timestep: 2.287041e-04
...[level 0] 	hydro timestep limited at cell (36, 25, 30) with signal speed = 2.049591e+01
...[level 0] 	cell density = 2.324792e-01, |v| = 4.764532e-01, cs = 7.745989e+00
...[level 0] timestep limited by HYDRO
...[level 1] estimated hydro timestep: 1.126103e-04
...[level 1] 	hydro timestep limited at cell (73, 50, 60) with signal speed = 2.081293e+01
...[level 1] 	cell density = 2.272644e-01, |v| = 5.623081e-01, cs = 6.776721e+00
...[level 1] timestep limited by HYDRO
...coarse timestep set by level 1
[Level 0 step 160] ADVANCE with time = 3.4822200974e-02 dt = 2.2522053492e-04
[Level 0 step 160] Advanced 262144 cells
[Level 1 step 319] ADVANCE with time = 3.4822200974e-02 dt = 1.1261026746e-04
[Level 1 step 319] Advanced 2031616 cells
[Level 1 step 320] ADVANCE with time = 3.4934811241e-02 dt = 1.1261026746e-04
[Level 1 step 320] Advanced 2031616 cells

Coarse STEP 161 at t = 0.03504742151 (70.09484302%) starts ...
...[level 0] estimated hydro timestep: 2.285723e-04
...[level 0] 	hydro timestep limited at cell (42, 42, 31) with signal speed = 2.050773e+01
...[level 0] 	cell density = 4.302845e-01, |v| = 4.839001e+00, cs = 9.740557e+00
...[level 0] timestep limited by HYDRO
...[level 1] estimated hydro timestep: 1.126613e-04
...[level 1] 	hydro timestep limited at cell (73, 50, 60) with signal speed = 2.080350e+01
...[level 1] 	cell density = 2.279979e-01, |v| = 5.019459e-01, cs = 6.760471e+00
...[level 1] timestep limited by HYDRO
...coarse timestep set by level 1
[Level 0 step 161] ADVANCE with time = 3.5047421509e-02 dt = 2.2532269058e-04
[Level 0 step 161] Advanced 262144 cells
[Level 1 step 321] ADVANCE with time = 3.5047421509e-02 dt = 1.1266134529e-04
[Level 1 step 321] Advanced 2031616 cells
[Level 1 step 322] ADVANCE with time = 3.5160082854e-02 dt = 1.1266134529e-04
[Level 1 step 322] Advanced 2031616 cells

Coarse STEP 162 at t = 0.0352727442 (70.5454884%) starts ...
...[level 0] estimated hydro timestep: 2.280491e-04
...[level 0] 	hydro timestep limited at cell (42, 42, 31) with signal speed = 2.055478e+01
...[level 0] 	cell density = 4.319839e-01, |v| = 4.857553e+00, cs = 9.753295e+00
...[level 0] timestep limited by HYDRO
...[level 1] estimated hydro timestep: 1.127264e-04
...[level 1] 	hydro timestep limited at cell (73, 50, 60) with signal speed = 2.079149e+01
...[level 1] 	cell density = 2.287924e-01, |v| = 4.378697e-01, cs = 6.745813e+00
...[level 1] timestep limited by HYDRO
...coarse timestep set by level 1
[Level 0 step 162] ADVANCE with time = 3.5272744199e-02 dt = 2.2545284794e-04
[Level 0 step 162] Advanced 262144 cells
[Level 1 step 323] ADVANCE with time = 3.5272744199e-02 dt = 1.1272642397e-04
[Level 1 step 323] Advanced 2031616 cells
[Level 1 step 324] ADVANCE with time = 3.5385470623e-02 dt = 1.1272642397e-04
[Level 1 step 324] Advanced 2031616 cells

Coarse STEP 163 at t = 0.03549819705 (70.99639409%) starts ...
...[level 0] estimated hydro timestep: 2.278087e-04
...[level 0] 	hydro timestep limited at cell (42, 42, 31) with signal speed = 2.057647e+01
...[level 0] 	cell density = 4.320960e-01, |v| = 4.859158e+00, cs = 9.752318e+00
...[level 0] timestep limited by HYDRO
...[level 1] estimated hydro timestep: 1.127821e-04
...[level 1] 	hydro timestep limited at cell (73, 50, 60) with signal speed = 2.078122e+01
...[level 1] 	cell density = 2.296228e-01, |v| = 3.742574e-01, cs = 6.733411e+00
...[level 1] timestep limited by HYDRO
...coarse timestep set by level 1
[Level 0 step 163] ADVANCE with time = 3.5498197047e-02 dt = 2.2556419337e-04
[Level 0 step 163] Advanced 262144 cells
[Level 1 step 325] ADVANCE with time = 3.5498197047e-02 dt = 1.1278209669e-04
[Level 1 step 325] Advanced 2031616 cells
[Level 1 step 326] ADVANCE with time = 3.5610979144e-02 dt = 1.1278209669e-04
[Level 1 step 326] Advanced 2031616 cells

Coarse STEP 164 at t = 0.03572376124 (71.44752248%) starts ...
...[level 0] estimated hydro timestep: 2.277060e-04
...[level 0] 	hydro timestep limited at cell (43, 42, 31) with signal speed = 2.058576e+01
...[level 0] 	cell density = 4.183973e-01, |v| = 4.751442e+00, cs = 9.659165e+00
...[level 0] timestep limited by HYDRO
...[level 1] estimated hydro timestep: 1.128199e-04
...[level 1] 	hydro timestep limited at cell (73, 50, 60) with signal speed = 2.077426e+01
...[level 1] 	cell density = 2.304723e-01, |v| = 3.105835e-01, cs = 6.716644e+00
...[level 1] timestep limited by HYDRO
...coarse timestep set by level 1
[Level 0 step 164] ADVANCE with time = 3.5723761241e-02 dt = 2.2563975612e-04
[Level 0 step 164] Advanced 262144 cells
[Level 1 step 327] ADVANCE with time = 3.5723761241e-02 dt = 1.1281987806e-04
[Level 1 step 327] Advanced 2031616 cells
[Level 1 step 328] ADVANCE with time = 3.5836581119e-02 dt = 1.1281987806e-04
[Level 1 step 328] Advanced 2031616 cells

Coarse STEP 165 at t = 0.035949401 (71.89880199%) starts ...
...[level 0] estimated hydro timestep: 2.268318e-04
...[level 0] 	hydro timestep limited at cell (36, 25, 30) with signal speed = 2.066510e+01
...[level 0] 	cell density = 2.380739e-01, |v| = 2.545768e-01, cs = 7.760696e+00
...[level 0] timestep limited by HYDRO
...[level 1] estimated hydro timestep: 1.128524e-04
...[level 1] 	hydro timestep limited at cell (73, 50, 60) with signal speed = 2.076828e+01
...[level 1] 	cell density = 2.314636e-01, |v| = 2.394512e-01, cs = 6.694703e+00
...[level 1] timestep limited by HYDRO
...coarse timestep set by level 1
Creating new distribution map on level: 1
[Level 0 step 165] ADVANCE with time = 3.5949400997e-02 dt = 2.2570474789e-04
[Level 0 step 165] Advanced 262144 cells
[Level 1 step 329] ADVANCE with time = 3.5949400997e-02 dt = 1.1285237394e-04
[Level 1 step 329] Advanced 2088960 cells
[Level 1 step 330] ADVANCE with time = 3.6062253371e-02 dt = 1.1285237394e-04
[Level 1 step 330] Advanced 2088960 cells

Coarse STEP 166 at t = 0.03617510574 (72.35021149%) starts ...
...[level 0] estimated hydro timestep: 2.237057e-04
...[level 0] 	hydro timestep limited at cell (36, 25, 30) with signal speed = 2.095387e+01
...[level 0] 	cell density = 2.407737e-01, |v| = 4.264787e-01, cs = 7.834001e+00
...[level 0] timestep limited by HYDRO
...[level 1] estimated hydro timestep: 1.111053e-04
...[level 1] 	hydro timestep limited at cell (73, 51, 66) with signal speed = 2.109485e+01
...[level 1] 	cell density = 2.409641e-01, |v| = 4.983729e-01, cs = 8.011852e+00
...[level 1] timestep limited by HYDRO
...coarse timestep set by level 1
[Level 0 step 166] ADVANCE with time = 3.6175105745e-02 dt = 2.2221063393e-04
[Level 0 step 166] Advanced 262144 cells
[Level 1 step 331] ADVANCE with time = 3.6175105745e-02 dt = 1.1110531697e-04
[Level 1 step 331] Advanced 2088960 cells
[Level 1 step 332] ADVANCE with time = 3.6286211061e-02 dt = 1.1110531697e-04
[Level 1 step 332] Advanced 2088960 cells

Coarse STEP 167 at t = 0.03639731638 (72.79463276%) starts ...
...[level 0] estimated hydro timestep: 2.205586e-04
...[level 0] 	hydro timestep limited at cell (36, 25, 30) with signal speed = 2.125286e+01
...[level 0] 	cell density = 2.432877e-01, |v| = 6.207127e-01, cs = 7.908382e+00
...[level 0] timestep limited by HYDRO
...[level 1] estimated hydro timestep: 1.092655e-04
...[level 1] 	hydro timestep limited at cell (73, 51, 66) with signal speed = 2.145004e+01
...[level 1] 	cell density = 2.433975e-01, |v| = 7.339905e-01, cs = 8.065504e+00
...[level 1] timestep limited by HYDRO
...coarse timestep set by level 1
[Level 0 step 167] ADVANCE with time = 3.6397316378e-02 dt = 2.1853102517e-04
[Level 0 step 167] Advanced 262144 cells
[Level 1 step 333] ADVANCE with time = 3.6397316378e-02 dt = 1.0926551259e-04
[Level 1 step 333] Advanced 2088960 cells
[Level 1 step 334] ADVANCE with time = 3.6506581891e-02 dt = 1.0926551259e-04
[Level 1 step 334] Advanced 2088960 cells

Coarse STEP 168 at t = 0.0366158474 (73.23169481%) starts ...
...[level 0] estimated hydro timestep: 2.185062e-04
...[level 0] 	hydro timestep limited at cell (36, 25, 30) with signal speed = 2.145248e+01
...[level 0] 	cell density = 2.448549e-01, |v| = 7.420173e-01, cs = 7.937296e+00
...[level 0] timestep limited by HYDRO
...[level 1] estimated hydro timestep: 1.083037e-04
...[level 1] 	hydro timestep limited at cell (73, 51, 67) with signal speed = 2.164054e+01
...[level 1] 	cell density = 2.419442e-01, |v| = 7.614989e-01, cs = 7.857399e+00
...[level 1] timestep limited by HYDRO
...coarse timestep set by level 1
[Level 0 step 168] ADVANCE with time = 3.6615847404e-02 dt = 2.1660736531e-04
[Level 0 step 168] Advanced 262144 cells
[Level 1 step 335] ADVANCE with time = 3.6615847404e-02 dt = 1.0830368266e-04
[Level 1 step 335] Advanced 2088960 cells
[Level 1 step 336] ADVANCE with time = 3.6724151086e-02 dt = 1.0830368266e-04
[Level 1 step 336] Advanced 2088960 cells

Coarse STEP 169 at t = 0.03683245477 (73.66490954%) starts ...
...[level 0] estimated hydro timestep: 2.178350e-04
...[level 0] 	hydro timestep limited at cell (36, 25, 30) with signal speed = 2.151858e+01
...[level 0] 	cell density = 2.454105e-01, |v| = 7.632634e-01, cs = 7.933311e+00
...[level 0] timestep limited by HYDRO
...[level 1] estimated hydro timestep: 1.080929e-04
...[level 1] 	hydro timestep limited at cell (73, 51, 67) with signal speed = 2.168274e+01
...[level 1] 	cell density = 2.419908e-01, |v| = 7.658042e-01, cs = 7.849872e+00
...[level 1] timestep limited by HYDRO
...coarse timestep set by level 1
[Level 0 step 169] ADVANCE with time = 3.6832454769e-02 dt = 2.1618579511e-04
[Level 0 step 169] Advanced 262144 cells
[Level 1 step 337] ADVANCE with time = 3.6832454769e-02 dt = 1.0809289755e-04
[Level 1 step 337] Advanced 2088960 cells
[Level 1 step 338] ADVANCE with time = 3.6940547666e-02 dt = 1.0809289755e-04
[Level 1 step 338] Advanced 2088960 cells

Coarse STEP 170 at t = 0.03704864056 (74.09728113%) starts ...
...[level 0] estimated hydro timestep: 2.181846e-04
...[level 0] 	hydro timestep limited at cell (36, 25, 30) with signal speed = 2.148411e+01
...[level 0] 	cell density = 2.453934e-01, |v| = 7.129391e-01, cs = 7.941152e+00
...[level 0] timestep limited by HYDRO
...[level 1] estimated hydro timestep: 1.079620e-04
...[level 1] 	hydro timestep limited at cell (73, 50, 60) with signal speed = 2.170902e+01
...[level 1] 	cell density = 2.421912e-01, |v| = 6.524697e-01, cs = 6.917927e+00
...[level 1] timestep limited by HYDRO
...coarse timestep set by level 1
[Level 0 step 170] ADVANCE with time = 3.7048640564e-02 dt = 2.1592404148e-04
[Level 0 step 170] Advanced 262144 cells
[Level 1 step 339] ADVANCE with time = 3.7048640564e-02 dt = 1.0796202074e-04
[Level 1 step 339] Advanced 2088960 cells
[Level 1 step 340] ADVANCE with time = 3.7156602585e-02 dt = 1.0796202074e-04
[Level 1 step 340] Advanced 2088960 cells

Coarse STEP 171 at t = 0.03726456461 (74.52912921%) starts ...
...[level 0] estimated hydro timestep: 2.189486e-04
...[level 0] 	hydro timestep limited at cell (36, 25, 30) with signal speed = 2.140914e+01
...[level 0] 	cell density = 2.451061e-01, |v| = 6.351390e-01, cs = 7.960352e+00
...[level 0] timestep limited by HYDRO
...[level 1] estimated hydro timestep: 1.080981e-04
...[level 1] 	hydro timestep limited at cell (73, 54, 54) with signal speed = 2.168169e+01
...[level 1] 	cell density = 2.384330e-01, |v| = 5.591541e-01, cs = 7.172053e+00
...[level 1] timestep limited by HYDRO
...coarse timestep set by level 1
Creating new distribution map on level: 1
[Level 0 step 171] ADVANCE with time = 3.7264564606e-02 dt = 2.1619626982e-04
[Level 0 step 171] Advanced 262144 cells
[Level 1 step 341] ADVANCE with time = 3.7264564606e-02 dt = 1.0809813491e-04
[Level 1 step 341] Advanced 2097152 cells
[Level 1 step 342] ADVANCE with time = 3.7372662740e-02 dt = 1.0809813491e-04
[Level 1 step 342] Advanced 2097152 cells

Coarse STEP 172 at t = 0.03748076088 (74.96152175%) starts ...
...[level 0] estimated hydro timestep: 2.198381e-04
...[level 0] 	hydro timestep limited at cell (36, 25, 30) with signal speed = 2.132251e+01
...[level 0] 	cell density = 2.446313e-01, |v| = 5.489905e-01, cs = 7.970683e+00
...[level 0] timestep limited by HYDRO
...[level 1] estimated hydro timestep: 1.082346e-04
...[level 1] 	hydro timestep limited at cell (73, 54, 54) with signal speed = 2.165436e+01
...[level 1] 	cell density = 2.384653e-01, |v| = 4.907431e-01, cs = 7.250216e+00
...[level 1] timestep limited by HYDRO
...coarse timestep set by level 1
[Level 0 step 172] ADVANCE with time = 3.7480760875e-02 dt = 2.1646910803e-04
[Level 0 step 172] Advanced 262144 cells
[Level 1 step 343] ADVANCE with time = 3.7480760875e-02 dt = 1.0823455402e-04
[Level 1 step 343] Advanced 2097152 cells
[Level 1 step 344] ADVANCE with time = 3.7588995429e-02 dt = 1.0823455402e-04
[Level 1 step 344] Advanced 2097152 cells

Coarse STEP 173 at t = 0.03769722998 (75.39445997%) starts ...
...[level 0] estimated hydro timestep: 2.207990e-04
...[level 0] 	hydro timestep limited at cell (36, 25, 30) with signal speed = 2.122972e+01
...[level 0] 	cell density = 2.440682e-01, |v| = 4.559035e-01, cs = 7.973717e+00
...[level 0] timestep limited by HYDRO
...[level 1] estimated hydro timestep: 1.083968e-04
...[level 1] 	hydro timestep limited at cell (73, 54, 54) with signal speed = 2.162194e+01
...[level 1] 	cell density = 2.378124e-01, |v| = 4.395457e-01, cs = 7.301269e+00
...[level 1] timestep limited by HYDRO
...coarse timestep set by level 1
[Level 0 step 173] ADVANCE with time = 3.7697229983e-02 dt = 2.1679364250e-04
[Level 0 step 173] Advanced 262144 cells
[Level 1 step 345] ADVANCE with time = 3.7697229983e-02 dt = 1.0839682125e-04
[Level 1 step 345] Advanced 2097152 cells
[Level 1 step 346] ADVANCE with time = 3.7805626805e-02 dt = 1.0839682125e-04
[Level 1 step 346] Advanced 2097152 cells

Coarse STEP 174 at t = 0.03791402363 (75.82804725%) starts ...
...[level 0] estimated hydro timestep: 2.217110e-04
...[level 0] 	hydro timestep limited at cell (36, 25, 30) with signal speed = 2.114239e+01
...[level 0] 	cell density = 2.434011e-01, |v| = 3.690853e-01, cs = 7.972687e+00
...[level 0] timestep limited by HYDRO
...[level 1] estimated hydro timestep: 1.087214e-04
...[level 1] 	hydro timestep limited at cell (73, 54, 54) with signal speed = 2.155740e+01
...[level 1] 	cell density = 2.366271e-01, |v| = 3.664161e-01, cs = 7.302873e+00
...[level 1] timestep limited by HYDRO
...coarse timestep set by level 1
[Level 0 step 174] ADVANCE with time = 3.7914023626e-02 dt = 2.1744271009e-04
[Level 0 step 174] Advanced 262144 cells
[Level 1 step 347] ADVANCE with time = 3.7914023626e-02 dt = 1.0872135504e-04
[Level 1 step 347] Advanced 2097152 cells
[Level 1 step 348] ADVANCE with time = 3.8022744981e-02 dt = 1.0872135504e-04
[Level 1 step 348] Advanced 2097152 cells

Coarse STEP 175 at t = 0.03813146634 (76.26293267%) starts ...
...[level 0] estimated hydro timestep: 2.224251e-04
...[level 0] 	hydro timestep limited at cell (36, 25, 30) with signal speed = 2.107451e+01
...[level 0] 	cell density = 2.426268e-01, |v| = 3.016823e-01, cs = 7.965062e+00
...[level 0] timestep limited by HYDRO
...[level 1] estimated hydro timestep: 1.093108e-04
...[level 1] 	hydro timestep limited at cell (73, 54, 54) with signal speed = 2.144115e+01
...[level 1] 	cell density = 2.354493e-01, |v| = 2.428151e-01, cs = 7.291361e+00
...[level 1] timestep limited by HYDRO
...coarse timestep set by level 1
[Level 0 step 175] ADVANCE with time = 3.8131466336e-02 dt = 2.1862164110e-04
[Level 0 step 175] Advanced 262144 cells
[Level 1 step 349] ADVANCE with time = 3.8131466336e-02 dt = 1.0931082055e-04
[Level 1 step 349] Advanced 2097152 cells
[Level 1 step 350] ADVANCE with time = 3.8240777157e-02 dt = 1.0931082055e-04
[Level 1 step 350] Advanced 2097152 cells

Coarse STEP 176 at t = 0.03835008798 (76.70017595%) starts ...
...[level 0] estimated hydro timestep: 2.229192e-04
...[level 0] 	hydro timestep limited at cell (36, 25, 30) with signal speed = 2.102779e+01
...[level 0] 	cell density = 2.418346e-01, |v| = 2.535562e-01, cs = 7.954265e+00
...[level 0] timestep limited by HYDRO
...[level 1] estimated hydro timestep: 1.096722e-04
...[level 1] 	hydro timestep limited at cell (57, 76, 54) with signal speed = 2.137049e+01
...[level 1] 	cell density = 2.403495e-01, |v| = 3.549964e-01, cs = 7.234817e+00
...[level 1] timestep limited by HYDRO
...coarse timestep set by level 1
[Level 0 step 176] ADVANCE with time = 3.8350087977e-02 dt = 2.1934447625e-04
[Level 0 step 176] Advanced 262144 cells
[Level 1 step 351] ADVANCE with time = 3.8350087977e-02 dt = 1.0967223813e-04
[Level 1 step 351] Advanced 2097152 cells
[Level 1 step 352] ADVANCE with time = 3.8459760215e-02 dt = 1.0967223813e-04
[Level 1 step 352] Advanced 2097152 cells

Coarse STEP 177 at t = 0.03856943245 (77.13886491%) starts ...
...[level 0] estimated hydro timestep: 2.232307e-04
...[level 0] 	hydro timestep limited at cell (36, 25, 30) with signal speed = 2.099846e+01
...[level 0] 	cell density = 2.410704e-01, |v| = 2.222366e-01, cs = 7.950338e+00
...[level 0] timestep limited by HYDRO
...[level 1] estimated hydro timestep: 1.098462e-04
...[level 1] 	hydro timestep limited at cell (57, 76, 54) with signal speed = 2.133665e+01
...[level 1] 	cell density = 2.393489e-01, |v| = 3.328120e-01, cs = 7.227797e+00
...[level 1] timestep limited by HYDRO
...coarse timestep set by level 1
[Level 0 step 177] ADVANCE with time = 3.8569432453e-02 dt = 2.1969238258e-04
[Level 0 step 177] Advanced 262144 cells
[Level 1 step 353] ADVANCE with time = 3.8569432453e-02 dt = 1.0984619129e-04
[Level 1 step 353] Advanced 2097152 cells
[Level 1 step 354] ADVANCE with time = 3.8679278645e-02 dt = 1.0984619129e-04
[Level 1 step 354] Advanced 2097152 cells

Coarse STEP 178 at t = 0.03878912484 (77.57824967%) starts ...
...[level 0] estimated hydro timestep: 2.233377e-04
...[level 0] 	hydro timestep limited at cell (36, 25, 30) with signal speed = 2.098840e+01
...[level 0] 	cell density = 2.402571e-01, |v| = 2.110250e-01, cs = 7.949522e+00
...[level 0] timestep limited by HYDRO
...[level 1] estimated hydro timestep: 1.099157e-04
...[level 1] 	hydro timestep limited at cell (57, 76, 54) with signal speed = 2.132316e+01
...[level 1] 	cell density = 2.382725e-01, |v| = 3.321318e-01, cs = 7.216593e+00
...[level 1] timestep limited by HYDRO
...coarse timestep set by level 1
[Level 0 step 178] ADVANCE with time = 3.8789124836e-02 dt = 2.1983140596e-04
[Level 0 step 178] Advanced 262144 cells
[Level 1 step 355] ADVANCE with time = 3.8789124836e-02 dt = 1.0991570298e-04
[Level 1 step 355] Advanced 2097152 cells
[Level 1 step 356] ADVANCE with time = 3.8899040539e-02 dt = 1.0991570298e-04
[Level 1 step 356] Advanced 2097152 cells

Coarse STEP 179 at t = 0.03900895624 (78.01791248%) starts ...
...[level 0] estimated hydro timestep: 2.232421e-04
...[level 0] 	hydro timestep limited at cell (36, 25, 30) with signal speed = 2.099738e+01
...[level 0] 	cell density = 2.393281e-01, |v| = 2.204031e-01, cs = 7.942962e+00
...[level 0] timestep limited by HYDRO
...[level 1] estimated hydro timestep: 1.099631e-04
...[level 1] 	hydro timestep limited at cell (57, 76, 54) with signal speed = 2.131397e+01
...[level 1] 	cell density = 2.371195e-01, |v| = 3.366881e-01, cs = 7.204828e+00
...[level 1] timestep limited by HYDRO
...coarse timestep set by level 1
[Level 0 step 179] ADVANCE with time = 3.9008956242e-02 dt = 2.1992615703e-04
[Level 0 step 179] Advanced 262144 cells
[Level 1 step 357] ADVANCE with time = 3.9008956242e-02 dt = 1.0996307851e-04
[Level 1 step 357] Advanced 2097152 cells
[Level 1 step 358] ADVANCE with time = 3.9118919320e-02 dt = 1.0996307851e-04
[Level 1 step 358] Advanced 2097152 cells

Coarse STEP 180 at t = 0.0392288824 (78.4577648%) starts ...
...[level 0] estimated hydro timestep: 2.230210e-04
...[level 0] 	hydro timestep limited at cell (36, 25, 30) with signal speed = 2.101820e+01
...[level 0] 	cell density = 2.382807e-01, |v| = 2.432499e-01, cs = 7.928161e+00
...[level 0] timestep limited by HYDRO
...[level 1] estimated hydro timestep: 1.099882e-04
...[level 1] 	hydro timestep limited at cell (73, 54, 54) with signal speed = 2.130910e+01
...[level 1] 	cell density = 2.301924e-01, |v| = 1.341734e-01, cs = 7.286735e+00
...[level 1] timestep limited by HYDRO
...coarse timestep set by level 1
[Level 0 step 180] ADVANCE with time = 3.9228882399e-02 dt = 2.1997639336e-04
[Level 0 step 180] Advanced 262144 cells
[Level 1 step 359] ADVANCE with time = 3.9228882399e-02 dt = 1.0998819668e-04
[Level 1 step 359] Advanced 2097152 cells
[Level 1 step 360] ADVANCE with time = 3.9338870596e-02 dt = 1.0998819668e-04
[Level 1 step 360] Advanced 2097152 cells

Coarse STEP 181 at t = 0.03944885879 (78.89771758%) starts ...
...[level 0] estimated hydro timestep: 2.227540e-04
...[level 0] 	hydro timestep limited at cell (36, 25, 30) with signal speed = 2.104339e+01
...[level 0] 	cell density = 2.371794e-01, |v| = 2.709029e-01, cs = 7.908860e+00
...[level 0] timestep limited by HYDRO
...[level 1] estimated hydro timestep: 1.096731e-04
...[level 1] 	hydro timestep limited at cell (73, 54, 54) with signal speed = 2.137032e+01
...[level 1] 	cell density = 2.294207e-01, |v| = 1.947164e-01, cs = 7.265615e+00
...[level 1] timestep limited by HYDRO
...coarse timestep set by level 1
[Level 0 step 181] ADVANCE with time = 3.9448858792e-02 dt = 2.1934629680e-04
[Level 0 step 181] Advanced 262144 cells
[Level 1 step 361] ADVANCE with time = 3.9448858792e-02 dt = 1.0967314840e-04
[Level 1 step 361] Advanced 2097152 cells
[Level 1 step 362] ADVANCE with time = 3.9558531941e-02 dt = 1.0967314840e-04
[Level 1 step 362] Advanced 2097152 cells

Coarse STEP 182 at t = 0.03966820509 (79.33641018%) starts ...
...[level 0] estimated hydro timestep: 2.224944e-04
...[level 0] 	hydro timestep limited at cell (36, 25, 30) with signal speed = 2.106795e+01
...[level 0] 	cell density = 2.361026e-01, |v| = 2.968772e-01, cs = 7.888997e+00
...[level 0] timestep limited by HYDRO
...[level 1] estimated hydro timestep: 1.094987e-04
...[level 1] 	hydro timestep limited at cell (73, 54, 54) with signal speed = 2.140435e+01
...[level 1] 	cell density = 2.287475e-01, |v| = 2.296105e-01, cs = 7.239372e+00
...[level 1] timestep limited by HYDRO
...coarse timestep set by level 1
[Level 0 step 182] ADVANCE with time = 3.9668205089e-02 dt = 2.1899749769e-04
[Level 0 step 182] Advanced 262144 cells
[Level 1 step 363] ADVANCE with time = 3.9668205089e-02 dt = 1.0949874884e-04
[Level 1 step 363] Advanced 2097152 cells
[Level 1 step 364] ADVANCE with time = 3.9777703838e-02 dt = 1.0949874884e-04
[Level 1 step 364] Advanced 2097152 cells

Coarse STEP 183 at t = 0.03988720259 (79.77440517%) starts ...
...[level 0] estimated hydro timestep: 2.222673e-04
...[level 0] 	hydro timestep limited at cell (36, 25, 30) with signal speed = 2.108948e+01
...[level 0] 	cell density = 2.350946e-01, |v| = 3.174614e-01, cs = 7.870353e+00
...[level 0] timestep limited by HYDRO
...[level 1] estimated hydro timestep: 1.094494e-04
...[level 1] 	hydro timestep limited at cell (73, 54, 54) with signal speed = 2.141401e+01
...[level 1] 	cell density = 2.280625e-01, |v| = 2.444527e-01, cs = 7.212467e+00
...[level 1] timestep limited by HYDRO
...coarse timestep set by level 1
[Level 0 step 183] ADVANCE with time = 3.9887202587e-02 dt = 2.1889870017e-04
[Level 0 step 183] Advanced 262144 cells
[Level 1 step 365] ADVANCE with time = 3.9887202587e-02 dt = 1.0944935009e-04
[Level 1 step 365] Advanced 2097152 cells
[Level 1 step 366] ADVANCE with time = 3.9996651937e-02 dt = 1.0944935009e-04
[Level 1 step 366] Advanced 2097152 cells

Coarse STEP 184 at t = 0.04010610129 (80.21220257%) starts ...
...[level 0] estimated hydro timestep: 2.220823e-04
...[level 0] 	hydro timestep limited at cell (36, 25, 30) with signal speed = 2.110704e+01
...[level 0] 	cell density = 2.341524e-01, |v| = 3.315088e-01, cs = 7.853066e+00
...[level 0] timestep limited by HYDRO
...[level 1] estimated hydro timestep: 1.094535e-04
...[level 1] 	hydro timestep limited at cell (73, 54, 54) with signal speed = 2.141321e+01
...[level 1] 	cell density = 2.273374e-01, |v| = 2.520961e-01, cs = 7.187102e+00
...[level 1] timestep limited by HYDRO
...coarse timestep set by level 1
[Level 0 step 184] ADVANCE with time = 4.0106101287e-02 dt = 2.1890694936e-04
[Level 0 step 184] Advanced 262144 cells
[Level 1 step 367] ADVANCE with time = 4.0106101287e-02 dt = 1.0945347468e-04
[Level 1 step 367] Advanced 2097152 cells
[Level 1 step 368] ADVANCE with time = 4.0215554762e-02 dt = 1.0945347468e-04
[Level 1 step 368] Advanced 2097152 cells

Coarse STEP 185 at t = 0.04032500824 (80.65001647%) starts ...
...[level 0] estimated hydro timestep: 2.219251e-04
...[level 0] 	hydro timestep limited at cell (36, 25, 30) with signal speed = 2.112199e+01
...[level 0] 	cell density = 2.332659e-01, |v| = 3.407369e-01, cs = 7.837126e+00
...[level 0] timestep limited by HYDRO
...[level 1] estimated hydro timestep: 1.094499e-04
...[level 1] 	hydro timestep limited at cell (73, 54, 54) with signal speed = 2.141391e+01
...[level 1] 	cell density = 2.265901e-01, |v| = 2.627864e-01, cs = 7.162261e+00
...[level 1] timestep limited by HYDRO
...coarse timestep set by level 1
[Level 0 step 185] ADVANCE with time = 4.0325008236e-02 dt = 2.1889979487e-04
[Level 0 step 185] Advanced 262144 cells
[Level 1 step 369] ADVANCE with time = 4.0325008236e-02 dt = 1.0944989744e-04
[Level 1 step 369] Advanced 2097152 cells
[Level 1 step 370] ADVANCE with time = 4.0434458134e-02 dt = 1.0944989744e-04
[Level 1 step 370] Advanced 2097152 cells

Coarse STEP 186 at t = 0.04054390803 (81.08781606%) starts ...
...[level 0] estimated hydro timestep: 2.217522e-04
...[level 0] 	hydro timestep limited at cell (38, 27, 30) with signal speed = 2.113846e+01
...[level 0] 	cell density = 2.329296e-01, |v| = 3.589701e-01, cs = 7.819589e+00
...[level 0] timestep limited by HYDRO
...[level 1] estimated hydro timestep: 1.094405e-04
...[level 1] 	hydro timestep limited at cell (73, 54, 54) with signal speed = 2.141574e+01
...[level 1] 	cell density = 2.258783e-01, |v| = 2.746267e-01, cs = 7.139178e+00
...[level 1] timestep limited by HYDRO
...coarse timestep set by level 1
[Level 0 step 186] ADVANCE with time = 4.0543908031e-02 dt = 2.1888109101e-04
[Level 0 step 186] Advanced 262144 cells
[Level 1 step 371] ADVANCE with time = 4.0543908031e-02 dt = 1.0944054551e-04
[Level 1 step 371] Advanced 2097152 cells
[Level 1 step 372] ADVANCE with time = 4.0653348577e-02 dt = 1.0944054551e-04
[Level 1 step 372] Advanced 2097152 cells

Coarse STEP 187 at t = 0.04076278912 (81.52557824%) starts ...
...[level 0] estimated hydro timestep: 2.216168e-04
...[level 0] 	hydro timestep limited at cell (38, 27, 30) with signal speed = 2.115138e+01
...[level 0] 	cell density = 2.321323e-01, |v| = 3.630512e-01, cs = 7.803180e+00
...[level 0] timestep limited by HYDRO
...[level 1] estimated hydro timestep: 1.094444e-04
...[level 1] 	hydro timestep limited at cell (73, 54, 54) with signal speed = 2.141499e+01
...[level 1] 	cell density = 2.252621e-01, |v| = 2.800911e-01, cs = 7.121141e+00
...[level 1] timestep limited by HYDRO
...coarse timestep set by level 1
[Level 0 step 187] ADVANCE with time = 4.0762789122e-02 dt = 2.1888872334e-04
[Level 0 step 187] Advanced 262144 cells
[Level 1 step 373] ADVANCE with time = 4.0762789122e-02 dt = 1.0944436167e-04
[Level 1 step 373] Advanced 2097152 cells
[Level 1 step 374] ADVANCE with time = 4.0872233484e-02 dt = 1.0944436167e-04
[Level 1 step 374] Advanced 2097152 cells

Coarse STEP 188 at t = 0.04098167785 (81.96335569%) starts ...
...[level 0] estimated hydro timestep: 2.215184e-04
...[level 0] 	hydro timestep limited at cell (38, 27, 30) with signal speed = 2.116077e+01
...[level 0] 	cell density = 2.313503e-01, |v| = 3.637687e-01, cs = 7.786132e+00
...[level 0] timestep limited by HYDRO
...[level 1] estimated hydro timestep: 1.094407e-04
...[level 1] 	hydro timestep limited at cell (73, 54, 54) with signal speed = 2.141570e+01
...[level 1] 	cell density = 2.247151e-01, |v| = 2.811718e-01, cs = 7.107119e+00
...[level 1] timestep limited by HYDRO
...coarse timestep set by level 1
[Level 0 step 188] ADVANCE with time = 4.0981677846e-02 dt = 2.1888148933e-04
[Level 0 step 188] Advanced 262144 cells
[Level 1 step 375] ADVANCE with time = 4.0981677846e-02 dt = 1.0944074466e-04
[Level 1 step 375] Advanced 2097152 cells
[Level 1 step 376] ADVANCE with time = 4.1091118590e-02 dt = 1.0944074466e-04
[Level 1 step 376] Advanced 2097152 cells

Coarse STEP 189 at t = 0.04120055933 (82.40111867%) starts ...
...[level 0] estimated hydro timestep: 2.214418e-04
...[level 0] 	hydro timestep limited at cell (38, 27, 30) with signal speed = 2.116809e+01
...[level 0] 	cell density = 2.305833e-01, |v| = 3.632463e-01, cs = 7.769444e+00
...[level 0] timestep limited by HYDRO
...[level 1] estimated hydro timestep: 1.094139e-04
...[level 1] 	hydro timestep limited at cell (73, 54, 54) with signal speed = 2.142096e+01
...[level 1] 	cell density = 2.241923e-01, |v| = 2.834212e-01, cs = 7.093976e+00
...[level 1] timestep limited by HYDRO
...coarse timestep set by level 1
[Level 0 step 189] ADVANCE with time = 4.1200559335e-02 dt = 2.1882777563e-04
[Level 0 step 189] Advanced 262144 cells
[Level 1 step 377] ADVANCE with time = 4.1200559335e-02 dt = 1.0941388782e-04
[Level 1 step 377] Advanced 2097152 cells
[Level 1 step 378] ADVANCE with time = 4.1309973223e-02 dt = 1.0941388782e-04
[Level 1 step 378] Advanced 2097152 cells

Coarse STEP 190 at t = 0.04141938711 (82.83877422%) starts ...
...[level 0] estimated hydro timestep: 2.213311e-04
...[level 0] 	hydro timestep limited at cell (36, 25, 30) with signal speed = 2.117868e+01
...[level 0] 	cell density = 2.293456e-01, |v| = 3.556242e-01, cs = 7.762076e+00
...[level 0] timestep limited by HYDRO
...[level 1] estimated hydro timestep: 1.093650e-04
...[level 1] 	hydro timestep limited at cell (73, 54, 54) with signal speed = 2.143054e+01
...[level 1] 	cell density = 2.236555e-01, |v| = 2.889362e-01, cs = 7.077035e+00
...[level 1] timestep limited by HYDRO
...coarse timestep set by level 1
[Level 0 step 190] ADVANCE with time = 4.1419387110e-02 dt = 2.1872994127e-04
[Level 0 step 190] Advanced 262144 cells
[Level 1 step 379] ADVANCE with time = 4.1419387110e-02 dt = 1.0936497063e-04
[Level 1 step 379] Advanced 2097152 cells
[Level 1 step 380] ADVANCE with time = 4.1528752081e-02 dt = 1.0936497063e-04
[Level 1 step 380] Advanced 2097152 cells

Coarse STEP 191 at t = 0.04163811705 (83.2762341%) starts ...
...[level 0] estimated hydro timestep: 2.212109e-04
...[level 0] 	hydro timestep limited at cell (36, 25, 30) with signal speed = 2.119019e+01
...[level 0] 	cell density = 2.285938e-01, |v| = 3.600654e-01, cs = 7.746483e+00
...[level 0] timestep limited by HYDRO
...[level 1] estimated hydro timestep: 1.093192e-04
...[level 1] 	hydro timestep limited at cell (73, 54, 54) with signal speed = 2.143951e+01
...[level 1] 	cell density = 2.231043e-01, |v| = 2.930923e-01, cs = 7.051583e+00
...[level 1] timestep limited by HYDRO
...coarse timestep set by level 1
[Level 0 step 191] ADVANCE with time = 4.1638117052e-02 dt = 2.1863837827e-04
[Level 0 step 191] Advanced 262144 cells
[Level 1 step 381] ADVANCE with time = 4.1638117052e-02 dt = 1.0931918913e-04
[Level 1 step 381] Advanced 2097152 cells
[Level 1 step 382] ADVANCE with time = 4.1747436241e-02 dt = 1.0931918913e-04
[Level 1 step 382] Advanced 2097152 cells

Coarse STEP 192 at t = 0.04185675543 (83.71351086%) starts ...
...[level 0] estimated hydro timestep: 2.210897e-04
...[level 0] 	hydro timestep limited at cell (36, 25, 30) with signal speed = 2.120181e+01
...[level 0] 	cell density = 2.278423e-01, |v| = 3.656210e-01, cs = 7.729249e+00
...[level 0] timestep limited by HYDRO
...[level 1] estimated hydro timestep: 1.092939e-04
...[level 1] 	hydro timestep limited at cell (73, 54, 54) with signal speed = 2.144448e+01
...[level 1] 	cell density = 2.225781e-01, |v| = 2.914098e-01, cs = 7.021872e+00
...[level 1] timestep limited by HYDRO
...coarse timestep set by level 1
[Level 0 step 192] ADVANCE with time = 4.1856755430e-02 dt = 2.1858772657e-04
[Level 0 step 192] Advanced 262144 cells
[Level 1 step 383] ADVANCE with time = 4.1856755430e-02 dt = 1.0929386328e-04
[Level 1 step 383] Advanced 2097152 cells
[Level 1 step 384] ADVANCE with time = 4.1966049293e-02 dt = 1.0929386328e-04
[Level 1 step 384] Advanced 2097152 cells

Coarse STEP 193 at t = 0.04207534316 (84.15068631%) starts ...
...[level 0] estimated hydro timestep: 2.209756e-04
...[level 0] 	hydro timestep limited at cell (36, 25, 30) with signal speed = 2.121275e+01
...[level 0] 	cell density = 2.271262e-01, |v| = 3.701544e-01, cs = 7.711326e+00
...[level 0] timestep limited by HYDRO
...[level 1] estimated hydro timestep: 1.092733e-04
...[level 1] 	hydro timestep limited at cell (73, 54, 54) with signal speed = 2.144851e+01
...[level 1] 	cell density = 2.221038e-01, |v| = 2.874951e-01, cs = 6.999066e+00
...[level 1] timestep limited by HYDRO
...coarse timestep set by level 1
[Level 0 step 193] ADVANCE with time = 4.2075343157e-02 dt = 2.1854668148e-04
[Level 0 step 193] Advanced 262144 cells
[Level 1 step 385] ADVANCE with time = 4.2075343157e-02 dt = 1.0927334074e-04
[Level 1 step 385] Advanced 2097152 cells
[Level 1 step 386] ADVANCE with time = 4.2184616497e-02 dt = 1.0927334074e-04
[Level 1 step 386] Advanced 2097152 cells

Coarse STEP 194 at t = 0.04229388984 (84.58777968%) starts ...
...[level 0] estimated hydro timestep: 2.208733e-04
...[level 0] 	hydro timestep limited at cell (36, 25, 30) with signal speed = 2.122257e+01
...[level 0] 	cell density = 2.264754e-01, |v| = 3.718305e-01, cs = 7.693635e+00
...[level 0] timestep limited by HYDRO
...[level 1] estimated hydro timestep: 1.092359e-04
...[level 1] 	hydro timestep limited at cell (73, 54, 54) with signal speed = 2.145585e+01
...[level 1] 	cell density = 2.216189e-01, |v| = 2.872295e-01, cs = 6.978905e+00
...[level 1] timestep limited by HYDRO
...coarse timestep set by level 1
[Level 0 step 194] ADVANCE with time = 4.2293889838e-02 dt = 2.1847183640e-04
[Level 0 step 194] Advanced 262144 cells
[Level 1 step 387] ADVANCE with time = 4.2293889838e-02 dt = 1.0923591820e-04
[Level 1 step 387] Advanced 2097152 cells
[Level 1 step 388] ADVANCE with time = 4.2403125756e-02 dt = 1.0923591820e-04
[Level 1 step 388] Advanced 2097152 cells

Coarse STEP 195 at t = 0.04251236167 (85.02472335%) starts ...
...[level 0] estimated hydro timestep: 2.207736e-04
...[level 0] 	hydro timestep limited at cell (36, 25, 30) with signal speed = 2.123216e+01
...[level 0] 	cell density = 2.259054e-01, |v| = 3.709686e-01, cs = 7.676874e+00
...[level 0] timestep limited by HYDRO
...[level 1] estimated hydro timestep: 1.091825e-04
...[level 1] 	hydro timestep limited at cell (73, 54, 54) with signal speed = 2.146635e+01
...[level 1] 	cell density = 2.211206e-01, |v| = 2.900130e-01, cs = 6.957945e+00
...[level 1] timestep limited by HYDRO
...coarse timestep set by level 1
[Level 0 step 195] ADVANCE with time = 4.2512361674e-02 dt = 2.1836502957e-04
[Level 0 step 195] Advanced 262144 cells
[Level 1 step 389] ADVANCE with time = 4.2512361674e-02 dt = 1.0918251479e-04
[Level 1 step 389] Advanced 2097152 cells
[Level 1 step 390] ADVANCE with time = 4.2621544189e-02 dt = 1.0918251479e-04
[Level 1 step 390] Advanced 2097152 cells

Coarse STEP 196 at t = 0.0427307267 (85.46145341%) starts ...
...[level 0] estimated hydro timestep: 2.206704e-04
...[level 0] 	hydro timestep limited at cell (36, 25, 30) with signal speed = 2.124209e+01
...[level 0] 	cell density = 2.254096e-01, |v| = 3.682015e-01, cs = 7.662422e+00
...[level 0] timestep limited by HYDRO
...[level 1] estimated hydro timestep: 1.091284e-04
...[level 1] 	hydro timestep limited at cell (73, 54, 54) with signal speed = 2.147700e+01
...[level 1] 	cell density = 2.206708e-01, |v| = 2.904468e-01, cs = 6.939323e+00
...[level 1] timestep limited by HYDRO
...coarse timestep set by level 1
[Level 0 step 196] ADVANCE with time = 4.2730726704e-02 dt = 2.1825674010e-04
[Level 0 step 196] Advanced 262144 cells
[Level 1 step 391] ADVANCE with time = 4.2730726704e-02 dt = 1.0912837005e-04
[Level 1 step 391] Advanced 2097152 cells
[Level 1 step 392] ADVANCE with time = 4.2839855074e-02 dt = 1.0912837005e-04
[Level 1 step 392] Advanced 2097152 cells

Coarse STEP 197 at t = 0.04294898344 (85.89796689%) starts ...
...[level 0] estimated hydro timestep: 2.205596e-04
...[level 0] 	hydro timestep limited at cell (36, 25, 30) with signal speed = 2.125275e+01
...[level 0] 	cell density = 2.249612e-01, |v| = 3.648413e-01, cs = 7.650096e+00
...[level 0] timestep limited by HYDRO
...[level 1] estimated hydro timestep: 1.090721e-04
...[level 1] 	hydro timestep limited at cell (73, 55, 54) with signal speed = 2.148807e+01
...[level 1] 	cell density = 2.194701e-01, |v| = 3.040587e-01, cs = 7.793382e+00
...[level 1] timestep limited by HYDRO
...coarse timestep set by level 1
[Level 0 step 197] ADVANCE with time = 4.2948983444e-02 dt = 2.1814426938e-04
[Level 0 step 197] Advanced 262144 cells
[Level 1 step 393] ADVANCE with time = 4.2948983444e-02 dt = 1.0907213469e-04
[Level 1 step 393] Advanced 2097152 cells
[Level 1 step 394] ADVANCE with time = 4.3058055579e-02 dt = 1.0907213469e-04
[Level 1 step 394] Advanced 2097152 cells

Coarse STEP 198 at t = 0.04316712771 (86.33425543%) starts ...
...[level 0] estimated hydro timestep: 2.204479e-04
...[level 0] 	hydro timestep limited at cell (36, 25, 30) with signal speed = 2.126353e+01
...[level 0] 	cell density = 2.245197e-01, |v| = 3.614430e-01, cs = 7.637784e+00
...[level 0] timestep limited by HYDRO
...[level 1] estimated hydro timestep: 1.089668e-04
...[level 1] 	hydro timestep limited at cell (73, 55, 54) with signal speed = 2.150885e+01
...[level 1] 	cell density = 2.188852e-01, |v| = 3.078577e-01, cs = 7.778767e+00
...[level 1] timestep limited by HYDRO
...coarse timestep set by level 1
[Level 0 step 198] ADVANCE with time = 4.3167127714e-02 dt = 2.1793357782e-04
[Level 0 step 198] Advanced 262144 cells
[Level 1 step 395] ADVANCE with time = 4.3167127714e-02 dt = 1.0896678891e-04
[Level 1 step 395] Advanced 2097152 cells
[Level 1 step 396] ADVANCE with time = 4.3276094502e-02 dt = 1.0896678891e-04
[Level 1 step 396] Advanced 2097152 cells

Coarse STEP 199 at t = 0.04338506129 (86.77012258%) starts ...
...[level 0] estimated hydro timestep: 2.203368e-04
...[level 0] 	hydro timestep limited at cell (36, 25, 30) with signal speed = 2.127425e+01
...[level 0] 	cell density = 2.240632e-01, |v| = 3.584332e-01, cs = 7.623726e+00
...[level 0] timestep limited by HYDRO
...[level 1] estimated hydro timestep: 1.083587e-04
...[level 1] 	hydro timestep limited at cell (64, 64, 64) with signal speed = 2.162956e+01
...[level 1] 	cell density = 2.182023e-01, |v| = 9.352480e-02, cs = 1.034129e+01
...[level 1] timestep limited by HYDRO
...coarse timestep set by level 1
[Level 0 step 199] ADVANCE with time = 4.3385061291e-02 dt = 2.1671733807e-04
[Level 0 step 199] Advanced 262144 cells
[Level 1 step 397] ADVANCE with time = 4.3385061291e-02 dt = 1.0835866903e-04
[Level 1 step 397] Advanced 2097152 cells
[Level 1 step 398] ADVANCE with time = 4.3493419960e-02 dt = 1.0835866903e-04
[Level 1 step 398] Advanced 2097152 cells

Coarse STEP 200 at t = 0.04360177863 (87.20355726%) starts ...
...[level 0] estimated hydro timestep: 2.197200e-04
...[level 0] 	hydro timestep limited at cell (32, 32, 32) with signal speed = 2.133397e+01
...[level 0] 	cell density = 2.318587e-01, |v| = 2.141572e-01, cs = 1.006549e+01
...[level 0] timestep limited by HYDRO
...[level 1] estimated hydro timestep: 1.077135e-04
...[level 1] 	hydro timestep limited at cell (64, 64, 64) with signal speed = 2.175910e+01
...[level 1] 	cell density = 2.204790e-01, |v| = 9.766108e-02, cs = 1.037379e+01
...[level 1] timestep limited by HYDRO
...coarse timestep set by level 1
[Level 0 step 200] ADVANCE with time = 4.3601778629e-02 dt = 2.1542706781e-04
[Level 0 step 200] Advanced 262144 cells
[Level 1 step 399] ADVANCE with time = 4.3601778629e-02 dt = 1.0771353390e-04
[Level 1 step 399] Advanced 2097152 cells
[Level 1 step 400] ADVANCE with time = 4.3709492163e-02 dt = 1.0771353390e-04
[Level 1 step 400] Advanced 2097152 cells

Coarse STEP 201 at t = 0.0438172057 (87.63441139%) starts ...
...[level 0] estimated hydro timestep: 2.187725e-04
...[level 0] 	hydro timestep limited at cell (31, 31, 32) with signal speed = 2.142637e+01
...[level 0] 	cell density = 2.341628e-01, |v| = 2.041460e-01, cs = 1.009488e+01
...[level 0] timestep limited by HYDRO
...[level 1] estimated hydro timestep: 1.071101e-04
...[level 1] 	hydro timestep limited at cell (64, 64, 64) with signal speed = 2.188169e+01
...[level 1] 	cell density = 2.226608e-01, |v| = 9.935869e-02, cs = 1.040392e+01
...[level 1] timestep limited by HYDRO
...coarse timestep set by level 1
[Level 0 step 201] ADVANCE with time = 4.3817205697e-02 dt = 2.1422016153e-04
[Level 0 step 201] Advanced 262144 cells
[Level 1 step 401] ADVANCE with time = 4.3817205697e-02 dt = 1.0711008076e-04
[Level 1 step 401] Advanced 2097152 cells
[Level 1 step 402] ADVANCE with time = 4.3924315778e-02 dt = 1.0711008076e-04
[Level 1 step 402] Advanced 2097152 cells

Coarse STEP 202 at t = 0.04403142586 (88.06285172%) starts ...
...[level 0] estimated hydro timestep: 2.180183e-04
...[level 0] 	hydro timestep limited at cell (31, 31, 32) with signal speed = 2.150049e+01
...[level 0] 	cell density = 2.361653e-01, |v| = 1.853903e-01, cs = 1.011938e+01
...[level 0] timestep limited by HYDRO
...[level 1] estimated hydro timestep: 1.066091e-04
...[level 1] 	hydro timestep limited at cell (64, 64, 64) with signal speed = 2.198451e+01
...[level 1] 	cell density = 2.245248e-01, |v| = 9.474323e-02, cs = 1.042550e+01
...[level 1] timestep limited by HYDRO
...coarse timestep set by level 1
[Level 0 step 202] ADVANCE with time = 4.4031425859e-02 dt = 2.1321828897e-04
[Level 0 step 202] Advanced 262144 cells
[Level 1 step 403] ADVANCE with time = 4.4031425859e-02 dt = 1.0660914449e-04
[Level 1 step 403] Advanced 2097152 cells
[Level 1 step 404] ADVANCE with time = 4.4138035003e-02 dt = 1.0660914449e-04
[Level 1 step 404] Advanced 2097152 cells

Coarse STEP 203 at t = 0.04424464415 (88.4892883%) starts ...
...[level 0] estimated hydro timestep: 2.175024e-04
...[level 0] 	hydro timestep limited at cell (31, 31, 32) with signal speed = 2.155148e+01
...[level 0] 	cell density = 2.377425e-01, |v| = 1.585428e-01, cs = 1.013738e+01
...[level 0] timestep limited by HYDRO
...[level 1] estimated hydro timestep: 1.062100e-04
...[level 1] 	hydro timestep limited at cell (64, 64, 64) with signal speed = 2.206712e+01
...[level 1] 	cell density = 2.259986e-01, |v| = 8.751841e-02, cs = 1.044007e+01
...[level 1] timestep limited by HYDRO
...coarse timestep set by level 1
[Level 0 step 203] ADVANCE with time = 4.4244644148e-02 dt = 2.1242006355e-04
[Level 0 step 203] Advanced 262144 cells
[Level 1 step 405] ADVANCE with time = 4.4244644148e-02 dt = 1.0621003178e-04
[Level 1 step 405] Advanced 2097152 cells
[Level 1 step 406] ADVANCE with time = 4.4350854179e-02 dt = 1.0621003178e-04
[Level 1 step 406] Advanced 2097152 cells

Coarse STEP 204 at t = 0.04445706421 (88.91412842%) starts ...
...[level 0] estimated hydro timestep: 2.172410e-04
...[level 0] 	hydro timestep limited at cell (31, 31, 32) with signal speed = 2.157742e+01
...[level 0] 	cell density = 2.387663e-01, |v| = 1.262888e-01, cs = 1.014855e+01
...[level 0] timestep limited by HYDRO
...[level 1] estimated hydro timestep: 1.059246e-04
...[level 1] 	hydro timestep limited at cell (64, 64, 63) with signal speed = 2.212659e+01
...[level 1] 	cell density = 2.270683e-01, |v| = 7.915607e-02, cs = 1.044466e+01
...[level 1] timestep limited by HYDRO
...coarse timestep set by level 1
[Level 0 step 204] ADVANCE with time = 4.4457064211e-02 dt = 2.1184915843e-04
[Level 0 step 204] Advanced 262144 cells
[Level 1 step 407] ADVANCE with time = 4.4457064211e-02 dt = 1.0592457921e-04
[Level 1 step 407] Advanced 2097152 cells
[Level 1 step 408] ADVANCE with time = 4.4562988790e-02 dt = 1.0592457921e-04
[Level 1 step 408] Advanced 2097152 cells

Coarse STEP 205 at t = 0.04466891337 (89.33782674%) starts ...
...[level 0] estimated hydro timestep: 2.172042e-04
...[level 0] 	hydro timestep limited at cell (31, 31, 32) with signal speed = 2.158108e+01
...[level 0] 	cell density = 2.391341e-01, |v| = 9.398875e-02, cs = 1.015058e+01
...[level 0] timestep limited by HYDRO
...[level 1] estimated hydro timestep: 1.058055e-04
...[level 1] 	hydro timestep limited at cell (64, 64, 63) with signal speed = 2.215150e+01
...[level 1] 	cell density = 2.274536e-01, |v| = 6.192347e-02, cs = 1.044148e+01
...[level 1] timestep limited by HYDRO
...coarse timestep set by level 1
[Level 0 step 205] ADVANCE with time = 4.4668913370e-02 dt = 2.1161097252e-04
[Level 0 step 205] Advanced 262144 cells
[Level 1 step 409] ADVANCE with time = 4.4668913370e-02 dt = 1.0580548626e-04
[Level 1 step 409] Advanced 2097152 cells
[Level 1 step 410] ADVANCE with time = 4.4774718856e-02 dt = 1.0580548626e-04
[Level 1 step 410] Advanced 2097152 cells

Coarse STEP 206 at t = 0.04488052434 (89.76104868%) starts ...
...[level 0] estimated hydro timestep: 2.172185e-04
...[level 0] 	hydro timestep limited at cell (31, 31, 32) with signal speed = 2.157966e+01
...[level 0] 	cell density = 2.388253e-01, |v| = 7.908558e-02, cs = 1.014163e+01
...[level 0] timestep limited by HYDRO
...[level 1] estimated hydro timestep: 1.058308e-04
...[level 1] 	hydro timestep limited at cell (63, 63, 63) with signal speed = 2.214620e+01
...[level 1] 	cell density = 2.271990e-01, |v| = 4.558399e-02, cs = 1.042569e+01
...[level 1] timestep limited by HYDRO
...coarse timestep set by level 1
[Level 0 step 206] ADVANCE with time = 4.4880524342e-02 dt = 2.1166157412e-04
[Level 0 step 206] Advanced 262144 cells
[Level 1 step 411] ADVANCE with time = 4.4880524342e-02 dt = 1.0583078706e-04
[Level 1 step 411] Advanced 2097152 cells
[Level 1 step 412] ADVANCE with time = 4.4986355129e-02 dt = 1.0583078706e-04
[Level 1 step 412] Advanced 2097152 cells

Coarse STEP 207 at t = 0.04509218592 (90.18437183%) starts ...
...[level 0] estimated hydro timestep: 2.171936e-04
...[level 0] 	hydro timestep limited at cell (31, 31, 32) with signal speed = 2.158213e+01
...[level 0] 	cell density = 2.379717e-01, |v| = 8.697245e-02, cs = 1.012610e+01
...[level 0] timestep limited by HYDRO
...[level 1] estimated hydro timestep: 1.059085e-04
...[level 1] 	hydro timestep limited at cell (63, 63, 64) with signal speed = 2.212996e+01
...[level 1] 	cell density = 2.262386e-01, |v| = 4.133505e-02, cs = 1.040749e+01
...[level 1] timestep limited by HYDRO
...coarse timestep set by level 1
[Level 0 step 207] ADVANCE with time = 4.5092185916e-02 dt = 2.1181695775e-04
[Level 0 step 207] Advanced 262144 cells
[Level 1 step 413] ADVANCE with time = 4.5092185916e-02 dt = 1.0590847888e-04
[Level 1 step 413] Advanced 2097152 cells
[Level 1 step 414] ADVANCE with time = 4.5198094395e-02 dt = 1.0590847888e-04
[Level 1 step 414] Advanced 2097152 cells

Coarse STEP 208 at t = 0.04530400287 (90.60800575%) starts ...
...[level 0] estimated hydro timestep: 2.172597e-04
...[level 0] 	hydro timestep limited at cell (31, 31, 32) with signal speed = 2.157556e+01
...[level 0] 	cell density = 2.367295e-01, |v| = 1.001313e-01, cs = 1.010560e+01
...[level 0] timestep limited by HYDRO
...[level 1] estimated hydro timestep: 1.060336e-04
...[level 1] 	hydro timestep limited at cell (63, 63, 64) with signal speed = 2.210385e+01
...[level 1] 	cell density = 2.249081e-01, |v| = 4.719344e-02, cs = 1.038167e+01
...[level 1] timestep limited by HYDRO
...coarse timestep set by level 1
[Level 0 step 208] ADVANCE with time = 4.5304002874e-02 dt = 2.1206713889e-04
[Level 0 step 208] Advanced 262144 cells
[Level 1 step 415] ADVANCE with time = 4.5304002874e-02 dt = 1.0603356945e-04
[Level 1 step 415] Advanced 2097152 cells
[Level 1 step 416] ADVANCE with time = 4.5410036444e-02 dt = 1.0603356945e-04
[Level 1 step 416] Advanced 2097152 cells

Coarse STEP 209 at t = 0.04551607001 (91.03214003%) starts ...
...[level 0] estimated hydro timestep: 2.174727e-04
...[level 0] 	hydro timestep limited at cell (31, 31, 32) with signal speed = 2.155443e+01
...[level 0] 	cell density = 2.352202e-01, |v| = 1.083762e-01, cs = 1.008099e+01
...[level 0] timestep limited by HYDRO
...[level 1] estimated hydro timestep: 1.062095e-04
...[level 1] 	hydro timestep limited at cell (63, 63, 64) with signal speed = 2.206723e+01
...[level 1] 	cell density = 2.234143e-01, |v| = 5.018851e-02, cs = 1.035468e+01
...[level 1] timestep limited by HYDRO
...coarse timestep set by level 1
[Level 0 step 209] ADVANCE with time = 4.5516070013e-02 dt = 2.1241905849e-04
[Level 0 step 209] Advanced 262144 cells
[Level 1 step 417] ADVANCE with time = 4.5516070013e-02 dt = 1.0620952924e-04
[Level 1 step 417] Advanced 2097152 cells
[Level 1 step 418] ADVANCE with time = 4.5622279542e-02 dt = 1.0620952924e-04
[Level 1 step 418] Advanced 2097152 cells

Coarse STEP 210 at t = 0.04572848907 (91.45697814%) starts ...
...[level 0] estimated hydro timestep: 2.177834e-04
...[level 0] 	hydro timestep limited at cell (31, 31, 32) with signal speed = 2.152368e+01
...[level 0] 	cell density = 2.336348e-01, |v| = 1.106579e-01, cs = 1.005843e+01
...[level 0] timestep limited by HYDRO
...[level 1] estimated hydro timestep: 1.063967e-04
...[level 1] 	hydro timestep limited at cell (63, 63, 64) with signal speed = 2.202841e+01
...[level 1] 	cell density = 2.219119e-01, |v| = 5.205464e-02, cs = 1.033128e+01
...[level 1] timestep limited by HYDRO
...coarse timestep set by level 1
[Level 0 step 210] ADVANCE with time = 4.5728489071e-02 dt = 2.1279340450e-04
[Level 0 step 210] Advanced 262144 cells
[Level 1 step 419] ADVANCE with time = 4.5728489071e-02 dt = 1.0639670225e-04
[Level 1 step 419] Advanced 2097152 cells
[Level 1 step 420] ADVANCE with time = 4.5834885774e-02 dt = 1.0639670225e-04
[Level 1 step 420] Advanced 2097152 cells

Coarse STEP 211 at t = 0.04594128248 (91.88256495%) starts ...
...[level 0] estimated hydro timestep: 2.181240e-04
...[level 0] 	hydro timestep limited at cell (31, 31, 32) with signal speed = 2.149007e+01
...[level 0] 	cell density = 2.320376e-01, |v| = 1.113292e-01, cs = 1.003854e+01
...[level 0] timestep limited by HYDRO
...[level 1] estimated hydro timestep: 1.065760e-04
...[level 1] 	hydro timestep limited at cell (63, 63, 64) with signal speed = 2.199136e+01
...[level 1] 	cell density = 2.204618e-01, |v| = 5.302095e-02, cs = 1.030897e+01
...[level 1] timestep limited by HYDRO
...coarse timestep set by level 1
[Level 0 step 211] ADVANCE with time = 4.5941282476e-02 dt = 2.1315193297e-04
[Level 0 step 211] Advanced 262144 cells
[Level 1 step 421] ADVANCE with time = 4.5941282476e-02 dt = 1.0657596649e-04
[Level 1 step 421] Advanced 2097152 cells
[Level 1 step 422] ADVANCE with time = 4.6047858442e-02 dt = 1.0657596649e-04
[Level 1 step 422] Advanced 2097152 cells

Coarse STEP 212 at t = 0.04615443441 (92.30886882%) starts ...
...[level 0] estimated hydro timestep: 2.184644e-04
...[level 0] 	hydro timestep limited at cell (31, 31, 32) with signal speed = 2.145658e+01
...[level 0] 	cell density = 2.304463e-01, |v| = 1.122659e-01, cs = 1.001961e+01
...[level 0] timestep limited by HYDRO
...[level 1] estimated hydro timestep: 1.067535e-04
...[level 1] 	hydro timestep limited at cell (64, 64, 63) with signal speed = 2.195477e+01
...[level 1] 	cell density = 2.190333e-01, |v| = 5.558773e-02, cs = 1.028734e+01
...[level 1] timestep limited by HYDRO
...coarse timestep set by level 1
[Level 0 step 212] ADVANCE with time = 4.6154434409e-02 dt = 2.1350709601e-04
[Level 0 step 212] Advanced 262144 cells
[Level 1 step 423] ADVANCE with time = 4.6154434409e-02 dt = 1.0675354800e-04
[Level 1 step 423] Advanced 2097152 cells
[Level 1 step 424] ADVANCE with time = 4.6261187957e-02 dt = 1.0675354800e-04
[Level 1 step 424] Advanced 2097152 cells

Coarse STEP 213 at t = 0.0463679415 (92.73588301%) starts ...
...[level 0] estimated hydro timestep: 2.187077e-04
...[level 0] 	hydro timestep limited at cell (25, 36, 33) with signal speed = 2.143272e+01
...[level 0] 	cell density = 2.195879e-01, |v| = 2.625679e-01, cs = 7.458588e+00
...[level 0] timestep limited by HYDRO
...[level 1] estimated hydro timestep: 1.069361e-04
...[level 1] 	hydro timestep limited at cell (64, 64, 63) with signal speed = 2.191730e+01
...[level 1] 	cell density = 2.175469e-01, |v| = 5.754512e-02, cs = 1.026374e+01
...[level 1] timestep limited by HYDRO
...coarse timestep set by level 1
[Level 0 step 213] ADVANCE with time = 4.6367941505e-02 dt = 2.1387214531e-04
[Level 0 step 213] Advanced 262144 cells
[Level 1 step 425] ADVANCE with time = 4.6367941505e-02 dt = 1.0693607266e-04
[Level 1 step 425] Advanced 2097152 cells
[Level 1 step 426] ADVANCE with time = 4.6474877578e-02 dt = 1.0693607266e-04
[Level 1 step 426] Advanced 2097152 cells

Coarse STEP 214 at t = 0.04658181365 (93.1636273%) starts ...
...[level 0] estimated hydro timestep: 2.185726e-04
...[level 0] 	hydro timestep limited at cell (25, 36, 33) with signal speed = 2.144596e+01
...[level 0] 	cell density = 2.194158e-01, |v| = 2.531095e-01, cs = 7.450399e+00
...[level 0] timestep limited by HYDRO
...[level 1] estimated hydro timestep: 1.071332e-04
...[level 1] 	hydro timestep limited at cell (63, 63, 63) with signal speed = 2.187697e+01
...[level 1] 	cell density = 2.160700e-01, |v| = 6.094965e-02, cs = 1.023795e+01
...[level 1] timestep limited by HYDRO
...coarse timestep set by level 1
[Level 0 step 214] ADVANCE with time = 4.6581813650e-02 dt = 2.1426639178e-04
[Level 0 step 214] Advanced 262144 cells
[Level 1 step 427] ADVANCE with time = 4.6581813650e-02 dt = 1.0713319589e-04
[Level 1 step 427] Advanced 2097152 cells
[Level 1 step 428] ADVANCE with time = 4.6688946846e-02 dt = 1.0713319589e-04
[Level 1 step 428] Advanced 2097152 cells

Coarse STEP 215 at t = 0.04679608004 (93.59216008%) starts ...
...[level 0] estimated hydro timestep: 2.184349e-04
...[level 0] 	hydro timestep limited at cell (25, 36, 33) with signal speed = 2.145949e+01
...[level 0] 	cell density = 2.192906e-01, |v| = 2.416364e-01, cs = 7.442875e+00
...[level 0] timestep limited by HYDRO
...[level 1] estimated hydro timestep: 1.073282e-04
...[level 1] 	hydro timestep limited at cell (63, 63, 63) with signal speed = 2.183723e+01
...[level 1] 	cell density = 2.146021e-01, |v| = 6.060861e-02, cs = 1.021669e+01
...[level 1] timestep limited by HYDRO
...coarse timestep set by level 1
[Level 0 step 215] ADVANCE with time = 4.6796080042e-02 dt = 2.1465639519e-04
[Level 0 step 215] Advanced 262144 cells
[Level 1 step 429] ADVANCE with time = 4.6796080042e-02 dt = 1.0732819759e-04
[Level 1 step 429] Advanced 2097152 cells
[Level 1 step 430] ADVANCE with time = 4.6903408240e-02 dt = 1.0732819759e-04
[Level 1 step 430] Advanced 2097152 cells

Coarse STEP 216 at t = 0.04701073644 (94.02147287%) starts ...
...[level 0] estimated hydro timestep: 2.182931e-04
...[level 0] 	hydro timestep limited at cell (25, 36, 33) with signal speed = 2.147342e+01
...[level 0] 	cell density = 2.192083e-01, |v| = 2.284584e-01, cs = 7.436925e+00
...[level 0] timestep limited by HYDRO
...[level 1] estimated hydro timestep: 1.075024e-04
...[level 1] 	hydro timestep limited at cell (63, 63, 63) with signal speed = 2.180184e+01
...[level 1] 	cell density = 2.132447e-01, |v| = 5.998284e-02, cs = 1.019914e+01
...[level 1] timestep limited by HYDRO
...coarse timestep set by level 1
[Level 0 step 216] ADVANCE with time = 4.7010736437e-02 dt = 2.1500475742e-04
[Level 0 step 216] Advanced 262144 cells
[Level 1 step 431] ADVANCE with time = 4.7010736437e-02 dt = 1.0750237871e-04
[Level 1 step 431] Advanced 2097152 cells
[Level 1 step 432] ADVANCE with time = 4.7118238816e-02 dt = 1.0750237871e-04
[Level 1 step 432] Advanced 2097152 cells

Coarse STEP 217 at t = 0.04722574119 (94.45148239%) starts ...
...[level 0] estimated hydro timestep: 2.181449e-04
...[level 0] 	hydro timestep limited at cell (25, 36, 33) with signal speed = 2.148801e+01
...[level 0] 	cell density = 2.191571e-01, |v| = 2.144468e-01, cs = 7.432726e+00
...[level 0] timestep limited by HYDRO
...[level 1] estimated hydro timestep: 1.076386e-04
...[level 1] 	hydro timestep limited at cell (63, 63, 63) with signal speed = 2.177426e+01
...[level 1] 	cell density = 2.120556e-01, |v| = 5.900982e-02, cs = 1.018450e+01
...[level 1] timestep limited by HYDRO
...coarse timestep set by level 1
[Level 0 step 217] ADVANCE with time = 4.7225741195e-02 dt = 2.1527711566e-04
[Level 0 step 217] Advanced 262144 cells
[Level 1 step 433] ADVANCE with time = 4.7225741195e-02 dt = 1.0763855783e-04
[Level 1 step 433] Advanced 2097152 cells
[Level 1 step 434] ADVANCE with time = 4.7333379752e-02 dt = 1.0763855783e-04
[Level 1 step 434] Advanced 2097152 cells

Coarse STEP 218 at t = 0.04744101831 (94.88203662%) starts ...
...[level 0] estimated hydro timestep: 2.179805e-04
...[level 0] 	hydro timestep limited at cell (25, 36, 33) with signal speed = 2.150422e+01
...[level 0] 	cell density = 2.191175e-01, |v| = 2.011702e-01, cs = 7.428740e+00
...[level 0] timestep limited by HYDRO
...[level 1] estimated hydro timestep: 1.077408e-04
...[level 1] 	hydro timestep limited at cell (72, 50, 60) with signal speed = 2.175360e+01
...[level 1] 	cell density = 2.149519e-01, |v| = 2.476431e-01, cs = 7.376097e+00
...[level 1] timestep limited by HYDRO
...coarse timestep set by level 1
[Level 0 step 218] ADVANCE with time = 4.7441018310e-02 dt = 2.1548153956e-04
[Level 0 step 218] Advanced 262144 cells
[Level 1 step 435] ADVANCE with time = 4.7441018310e-02 dt = 1.0774076978e-04
[Level 1 step 435] Advanced 2097152 cells
[Level 1 step 436] ADVANCE with time = 4.7548759080e-02 dt = 1.0774076978e-04
[Level 1 step 436] Advanced 2097152 cells

Coarse STEP 219 at t = 0.04765649985 (95.3129997%) starts ...
...[level 0] estimated hydro timestep: 2.177747e-04
...[level 0] 	hydro timestep limited at cell (36, 25, 30) with signal speed = 2.152454e+01
...[level 0] 	cell density = 2.191157e-01, |v| = 1.905944e-01, cs = 7.426814e+00
...[level 0] timestep limited by HYDRO
...[level 1] estimated hydro timestep: 1.076069e-04
...[level 1] 	hydro timestep limited at cell (72, 50, 60) with signal speed = 2.178066e+01
...[level 1] 	cell density = 2.148496e-01, |v| = 2.409537e-01, cs = 7.370970e+00
...[level 1] timestep limited by HYDRO
...coarse timestep set by level 1
[Level 0 step 219] ADVANCE with time = 4.7656499850e-02 dt = 2.1521383152e-04
[Level 0 step 219] Advanced 262144 cells
[Level 1 step 437] ADVANCE with time = 4.7656499850e-02 dt = 1.0760691576e-04
[Level 1 step 437] Advanced 2097152 cells
[Level 1 step 438] ADVANCE with time = 4.7764106766e-02 dt = 1.0760691576e-04
[Level 1 step 438] Advanced 2097152 cells

Coarse STEP 220 at t = 0.04787171368 (95.74342736%) starts ...
...[level 0] estimated hydro timestep: 2.175384e-04
...[level 0] 	hydro timestep limited at cell (36, 25, 30) with signal speed = 2.154792e+01
...[level 0] 	cell density = 2.190901e-01, |v| = 1.826000e-01, cs = 7.423316e+00
...[level 0] timestep limited by HYDRO
...[level 1] estimated hydro timestep: 1.074707e-04
...[level 1] 	hydro timestep limited at cell (72, 50, 60) with signal speed = 2.180828e+01
...[level 1] 	cell density = 2.147501e-01, |v| = 2.348584e-01, cs = 7.365457e+00
...[level 1] timestep limited by HYDRO
...coarse timestep set by level 1
[Level 0 step 220] ADVANCE with time = 4.7871713681e-02 dt = 2.1494131512e-04
[Level 0 step 220] Advanced 262144 cells
[Level 1 step 439] ADVANCE with time = 4.7871713681e-02 dt = 1.0747065756e-04
[Level 1 step 439] Advanced 2097152 cells
[Level 1 step 440] ADVANCE with time = 4.7979184339e-02 dt = 1.0747065756e-04
[Level 1 step 440] Advanced 2097152 cells

Coarse STEP 221 at t = 0.048086655 (96.17330999%) starts ...
...[level 0] estimated hydro timestep: 2.172781e-04
...[level 0] 	hydro timestep limited at cell (36, 25, 30) with signal speed = 2.157374e+01
...[level 0] 	cell density = 2.190755e-01, |v| = 1.763529e-01, cs = 7.419693e+00
...[level 0] timestep limited by HYDRO
...[level 1] estimated hydro timestep: 1.073305e-04
...[level 1] 	hydro timestep limited at cell (72, 50, 60) with signal speed = 2.183676e+01
...[level 1] 	cell density = 2.146672e-01, |v| = 2.295790e-01, cs = 7.360396e+00
...[level 1] timestep limited by HYDRO
...coarse timestep set by level 1
[Level 0 step 221] ADVANCE with time = 4.8086654996e-02 dt = 2.1466094104e-04
[Level 0 step 221] Advanced 262144 cells
[Level 1 step 441] ADVANCE with time = 4.8086654996e-02 dt = 1.0733047052e-04
[Level 1 step 441] Advanced 2097152 cells
[Level 1 step 442] ADVANCE with time = 4.8193985467e-02 dt = 1.0733047052e-04
[Level 1 step 442] Advanced 2097152 cells

Coarse STEP 222 at t = 0.04830131594 (96.60263188%) starts ...
...[level 0] estimated hydro timestep: 2.169846e-04
...[level 0] 	hydro timestep limited at cell (36, 25, 30) with signal speed = 2.160292e+01
...[level 0] 	cell density = 2.190842e-01, |v| = 1.725504e-01, cs = 7.416854e+00
...[level 0] timestep limited by HYDRO
...[level 1] estimated hydro timestep: 1.071822e-04
...[level 1] 	hydro timestep limited at cell (72, 50, 60) with signal speed = 2.186697e+01
...[level 1] 	cell density = 2.146337e-01, |v| = 2.257338e-01, cs = 7.357856e+00
...[level 1] timestep limited by HYDRO
...coarse timestep set by level 1
[Level 0 step 222] ADVANCE with time = 4.8301315938e-02 dt = 2.1436437490e-04
[Level 0 step 222] Advanced 262144 cells
[Level 1 step 443] ADVANCE with time = 4.8301315938e-02 dt = 1.0718218745e-04
[Level 1 step 443] Advanced 2097152 cells
[Level 1 step 444] ADVANCE with time = 4.8408498125e-02 dt = 1.0718218745e-04
[Level 1 step 444] Advanced 2097152 cells

Coarse STEP 223 at t = 0.04851568031 (97.03136062%) starts ...
...[level 0] estimated hydro timestep: 2.166471e-04
...[level 0] 	hydro timestep limited at cell (36, 25, 30) with signal speed = 2.163657e+01
...[level 0] 	cell density = 2.191246e-01, |v| = 1.719620e-01, cs = 7.415527e+00
...[level 0] timestep limited by HYDRO
...[level 1] estimated hydro timestep: 1.070209e-04
...[level 1] 	hydro timestep limited at cell (72, 50, 60) with signal speed = 2.189994e+01
...[level 1] 	cell density = 2.146687e-01, |v| = 2.241840e-01, cs = 7.359008e+00
...[level 1] timestep limited by HYDRO
...coarse timestep set by level 1
[Level 0 step 223] ADVANCE with time = 4.8515680312e-02 dt = 2.1404170897e-04
[Level 0 step 223] Advanced 262144 cells
[Level 1 step 445] ADVANCE with time = 4.8515680312e-02 dt = 1.0702085448e-04
[Level 1 step 445] Advanced 2097152 cells
[Level 1 step 446] ADVANCE with time = 4.8622701167e-02 dt = 1.0702085448e-04
[Level 1 step 446] Advanced 2097152 cells

Coarse STEP 224 at t = 0.04872972202 (97.45944404%) starts ...
...[level 0] estimated hydro timestep: 2.162532e-04
...[level 0] 	hydro timestep limited at cell (36, 25, 30) with signal speed = 2.167598e+01
...[level 0] 	cell density = 2.192012e-01, |v| = 1.754424e-01, cs = 7.415339e+00
...[level 0] timestep limited by HYDRO
...[level 1] estimated hydro timestep: 1.068432e-04
...[level 1] 	hydro timestep limited at cell (72, 50, 60) with signal speed = 2.193635e+01
...[level 1] 	cell density = 2.147816e-01, |v| = 2.254614e-01, cs = 7.363456e+00
...[level 1] timestep limited by HYDRO
...coarse timestep set by level 1
[Level 0 step 224] ADVANCE with time = 4.8729722021e-02 dt = 2.1368638135e-04
[Level 0 step 224] Advanced 262144 cells
[Level 1 step 447] ADVANCE with time = 4.8729722021e-02 dt = 1.0684319067e-04
[Level 1 step 447] Advanced 2097152 cells
[Level 1 step 448] ADVANCE with time = 4.8836565212e-02 dt = 1.0684319067e-04
[Level 1 step 448] Advanced 2097152 cells

Coarse STEP 225 at t = 0.0489434084 (97.88681681%) starts ...
...[level 0] estimated hydro timestep: 2.157892e-04
...[level 0] 	hydro timestep limited at cell (36, 25, 30) with signal speed = 2.172258e+01
...[level 0] 	cell density = 2.193244e-01, |v| = 1.842758e-01, cs = 7.416751e+00
...[level 0] timestep limited by HYDRO
...[level 1] estimated hydro timestep: 1.066415e-04
...[level 1] 	hydro timestep limited at cell (72, 50, 60) with signal speed = 2.197784e+01
...[level 1] 	cell density = 2.149583e-01, |v| = 2.303387e-01, cs = 7.369972e+00
...[level 1] timestep limited by HYDRO
...coarse timestep set by level 1
[Level 0 step 225] ADVANCE with time = 4.8943408403e-02 dt = 2.1328306174e-04
[Level 0 step 225] Advanced 262144 cells
[Level 1 step 449] ADVANCE with time = 4.8943408403e-02 dt = 1.0664153087e-04
[Level 1 step 449] Advanced 2097152 cells
[Level 1 step 450] ADVANCE with time = 4.9050049934e-02 dt = 1.0664153087e-04
[Level 1 step 450] Advanced 2097152 cells

Coarse STEP 226 at t = 0.04915669146 (98.31338293%) starts ...
...[level 0] estimated hydro timestep: 2.152551e-04
...[level 0] 	hydro timestep limited at cell (36, 25, 30) with signal speed = 2.177648e+01
...[level 0] 	cell density = 2.194877e-01, |v| = 1.992656e-01, cs = 7.420515e+00
...[level 0] timestep limited by HYDRO
...[level 1] estimated hydro timestep: 1.064155e-04
...[level 1] 	hydro timestep limited at cell (72, 50, 60) with signal speed = 2.202451e+01
...[level 1] 	cell density = 2.151857e-01, |v| = 2.390886e-01, cs = 7.377946e+00
...[level 1] timestep limited by HYDRO
...coarse timestep set by level 1
[Level 0 step 226] ADVANCE with time = 4.9156691464e-02 dt = 2.1283102997e-04
[Level 0 step 226] Advanced 262144 cells
[Level 1 step 451] ADVANCE with time = 4.9156691464e-02 dt = 1.0641551499e-04
[Level 1 step 451] Advanced 2097152 cells
[Level 1 step 452] ADVANCE with time = 4.9263106979e-02 dt = 1.0641551499e-04
[Level 1 step 452] Advanced 2097152 cells

Coarse STEP 227 at t = 0.04936952249 (98.73904499%) starts ...
...[level 0] estimated hydro timestep: 2.146794e-04
...[level 0] 	hydro timestep limited at cell (36, 25, 30) with signal speed = 2.183489e+01
...[level 0] 	cell density = 2.196595e-01, |v| = 2.191778e-01, cs = 7.426603e+00
...[level 0] timestep limited by HYDRO
...[level 1] estimated hydro timestep: 1.061717e-04
...[level 1] 	hydro timestep limited at cell (72, 50, 60) with signal speed = 2.207509e+01
...[level 1] 	cell density = 2.154291e-01, |v| = 2.518984e-01, cs = 7.385717e+00
...[level 1] timestep limited by HYDRO
...coarse timestep set by level 1
[Level 0 step 227] ADVANCE with time = 4.9369522494e-02 dt = 2.1234342056e-04
[Level 0 step 227] Advanced 262144 cells
[Level 1 step 453] ADVANCE with time = 4.9369522494e-02 dt = 1.0617171028e-04
[Level 1 step 453] Advanced 2097152 cells
[Level 1 step 454] ADVANCE with time = 4.9475694205e-02 dt = 1.0617171028e-04
[Level 1 step 454] Advanced 2097152 cells

Coarse STEP 228 at t = 0.04958186592 (99.16373183%) starts ...
...[level 0] estimated hydro timestep: 2.141172e-04
...[level 0] 	hydro timestep limited at cell (36, 25, 30) with signal speed = 2.189221e+01
...[level 0] 	cell density = 2.198035e-01, |v| = 2.399813e-01, cs = 7.434272e+00
...[level 0] timestep limited by HYDRO
...[level 1] estimated hydro timestep: 1.059235e-04
...[level 1] 	hydro timestep limited at cell (72, 50, 60) with signal speed = 2.212682e+01
...[level 1] 	cell density = 2.156486e-01, |v| = 2.674816e-01, cs = 7.392790e+00
...[level 1] timestep limited by HYDRO
...coarse timestep set by level 1
[Level 0 step 228] ADVANCE with time = 4.9581865915e-02 dt = 2.1184700760e-04
[Level 0 step 228] Advanced 262144 cells
[Level 1 step 455] ADVANCE with time = 4.9581865915e-02 dt = 1.0592350380e-04
[Level 1 step 455] Advanced 2097152 cells
[Level 1 step 456] ADVANCE with time = 4.9687789419e-02 dt = 1.0592350380e-04
[Level 1 step 456] Advanced 2097152 cells

Coarse STEP 229 at t = 0.04979371292 (99.58742585%) starts ...
...[level 0] estimated hydro timestep: 2.136285e-04
...[level 0] 	hydro timestep limited at cell (36, 25, 30) with signal speed = 2.194229e+01
...[level 0] 	cell density = 2.198740e-01, |v| = 2.566592e-01, cs = 7.441585e+00
...[level 0] timestep limited by HYDRO
...[level 1] estimated hydro timestep: 1.056952e-04
...[level 1] 	hydro timestep limited at cell (72, 50, 60) with signal speed = 2.217461e+01
...[level 1] 	cell density = 2.157858e-01, |v| = 2.816192e-01, cs = 7.397330e+00
...[level 1] timestep limited by HYDRO
...coarse timestep set by level 1
[Level 0 step 229] ADVANCE with time = 4.9793712923e-02 dt = 2.0628707739e-04
[Level 0 step 229] Advanced 262144 cells
[Level 1 step 457] ADVANCE with time = 4.9793712923e-02 dt = 1.0314353869e-04
[Level 1 step 457] Advanced 2097152 cells
[Level 1 step 458] ADVANCE with time = 4.9896856461e-02 dt = 1.0314353869e-04
[Level 1 step 458] Advanced 2097152 cells

Simulation ended at t = 0.05 (100%)

Initial gas+radiation energy = 52.72190285
Final gas+radiation energy = 52.72218048
	absolute conservation error = 0.0002776300724
	relative conservation error = 5.265934222e-06


avg. num. of radiation subcycles = 0

Initial gasDensity = 1
	absolute conservation error = -1.110223025e-16
	relative conservation error = -1.110223025e-16

Initial x-GasMomentum = 0
	absolute conservation error = 3.469446952e-18

Initial y-GasMomentum = 0
	absolute conservation error = 6.938893904e-18

Initial z-GasMomentum = 0
	absolute conservation error = 3.469446952e-18

Initial gasEnergy = 52.72190285
	absolute conservation error = 0.0002776300724
	relative conservation error = 5.265934222e-06

Initial gasInternalEnergy = 2.721902847
	absolute conservation error = -0.3606338237
	relative conservation error = -0.1324932755

Performance figure-of-merit: 0.1684984857 μs/zone-update [5.934771436 Mupdates/s]
Zone-updates on level 0: 60030976
Zone-updates on level 1: 639139840

Writing plotfile MHDBlast-GPU_plt0000229
elapsed time: 121.7288438 seconds.


TinyProfiler total time across processes [min...avg...max]: 121.7 ... 121.7 ... 121.7

---------------------------------------------------------------------------------------------------------
Name                                                      NCalls  Excl. Min  Excl. Avg  Excl. Max   Max %
---------------------------------------------------------------------------------------------------------
MHDSystem::ComputeEMF_FelkerStone2017()                     2067      59.04      59.04      59.04  48.50%
QuokkaSimulation::computeHydroFluxes()                      1378      9.912      9.912      9.912   8.14%
FabArrayBase::CPC::define()                                13714      8.913      8.913      8.913   7.32%
HyperbolicSystem::ReconstructStatesPPM(MultiFabs)           8268      5.569      5.569      5.569   4.58%
HyperbolicSystem::ReconstructStatesPPM(Arrays)           2633568      5.463      5.463      5.463   4.49%
QuokkaSimulation::computeFOHydroFluxes()                     689      4.585      4.585      4.585   3.77%
QuokkaSimulation::advanceHydroAtLevel()                      689      3.655      3.655      3.655   3.00%
MHDSystem::ReconstructTo()                               3950352      3.556      3.556      3.556   2.92%
VisMF::Write(FabArray)                                        16      3.267      3.267      3.267   2.68%
FillPatchTwoLevels                                          2821      1.678      1.678      1.678   1.38%
FabArray::Saxpy()                                          12402      1.498      1.498      1.498   1.23%
FaceLinear::interp_face()                                 347856      1.424      1.424      1.424   1.17%
AMRSimulation::incrementEMFRegisters()                       688      1.417      1.417      1.417   1.16%
amrex::Copy()                                               8346      1.383      1.383      1.383   1.14%
FillBoundary_nowait()                                       5552      1.381      1.381      1.381   1.13%
FabArray::ParallelCopy_nowait()                            17039      1.343      1.343      1.343   1.10%
FabArray::setVal()                                         16301      1.016      1.016      1.016   0.83%
Redistribute_partition                                       574      0.958      0.958      0.958   0.79%
AMRSimulation::incrementFluxRegisters()                      688     0.6956     0.6956     0.6956   0.57%
MHDSystem::EMFAverage_LondrilloDelZanna2004()             282168     0.6726     0.6726     0.6726   0.55%
FillPatchInterp(MF)                                          966     0.5772     0.5772     0.5772   0.47%
REG::HydroSolver                                             687     0.5489     0.5489     0.5489   0.45%
WriteBinaryParticleData()                                      2     0.4154     0.4154     0.4154   0.34%
QuokkaSimulation::advanceSingleTimestepAtLevel()             687     0.2574     0.2574     0.2574   0.21%
TracerParticleContainer::AdvectWithUmac()                    688     0.2143     0.2143     0.2143   0.18%
FillPatcher::fillCFB                                         920     0.2126     0.2126     0.2126   0.17%
FabArrayBase::FB::FB()                                       180     0.1472     0.1472     0.1472   0.12%
AMRSimulation::RemakeLevel()                                  43     0.1464     0.1464     0.1464   0.12%
FluxRegister::Reflux()                                      1374     0.1307     0.1307     0.1307   0.11%
QuokkaSimulation::computeMaxSignalLocal()                    458     0.1211     0.1211     0.1211   0.10%
AMRSimulation::computeTimestepAtLevel()                      458     0.1116     0.1116     0.1116   0.09%
FillPatchTwoLevels (Array<MF*>)                               43     0.1096     0.1096     0.1096   0.09%
FabArray::setVal(val, thecmd, scomp, ncomp)                 3432     0.0943     0.0943     0.0943   0.08%
AmrMesh::MakeNewGrids()                                      116    0.07745    0.07745    0.07745   0.06%
AMRSimulation::timeStepWithSubcycling()                      687    0.07142    0.07142    0.07142   0.06%
FillPatchSingleLevel                                        9724    0.06733    0.06733    0.06733   0.06%
AMRSimulation::AverageDownTo()                               230     0.0427     0.0427     0.0427   0.04%
ParticleContainer::Redistribute_impl()                       574    0.03955    0.03955    0.03955   0.03%
AMRSimulation::WritePlotFile()                                 2    0.03662    0.03662    0.03662   0.03%
WriteMultiLevelPlotfile()                                      8    0.02773    0.02773    0.02773   0.02%
FabArrayBase::getCPC()                                     17567    0.02086    0.02086    0.02086   0.02%
FabArray::ParallelCopy()                                   14258   0.008123   0.008123   0.008123   0.01%
AMRSimulation::evolve()                                        1   0.007996   0.007996   0.007996   0.01%
AMRSimulation::fillBoundaryConditions()                     5534   0.007157   0.007157   0.007157   0.01%
AMRSimulation::FillPatchWithData()                          3741   0.004274   0.004274   0.004274   0.00%
FabArray::FillBoundary()                                    5552   0.004174   0.004174   0.004174   0.00%
FabArrayBase::getFB()                                       5552    0.00305    0.00305    0.00305   0.00%
AMRSimulation::setInitialConditions()                          1   0.002668   0.002668   0.002668   0.00%
FabArray::ParallelCopyToGhost()                             2775   0.001987   0.001987   0.001987   0.00%
FillPatcher::fill()                                          920    0.00109    0.00109    0.00109   0.00%
AMRSimulation::computeTimestep()                             229  0.0008656  0.0008656  0.0008656   0.00%
AMRSimulation::FillPatchFaceArray()                           43  0.0001076  0.0001076  0.0001076   0.00%
AMRSimulation::FillPatch()                                    43  4.983e-05  4.983e-05  4.983e-05   0.00%
Other                                                      65845     0.7899     0.7899     0.7899   0.65%
---------------------------------------------------------------------------------------------------------

---------------------------------------------------------------------------------------------------------
Name                                                      NCalls  Incl. Min  Incl. Avg  Incl. Max   Max %
---------------------------------------------------------------------------------------------------------
AMRSimulation::evolve()                                        1      120.7      120.7      120.7  99.16%
AMRSimulation::timeStepWithSubcycling()                      687      117.5      117.5      117.5  96.55%
QuokkaSimulation::advanceSingleTimestepAtLevel()             687      114.1      114.1      114.1  93.72%
REG::HydroSolver                                             687      113.8      113.8      113.8  93.51%
QuokkaSimulation::advanceHydroAtLevel()                      689      111.9      111.9      111.9  91.93%
MHDSystem::ComputeEMF_FelkerStone2017()                     2067      68.73      68.73      68.73  56.46%
QuokkaSimulation::computeHydroFluxes()                      1378      15.48      15.48      15.48  12.72%
AMRSimulation::FillPatchWithData()                          3741      14.76      14.76      14.76  12.13%
AMRSimulation::fillBoundaryConditions()                     5534      14.68      14.68      14.68  12.06%
FillPatchTwoLevels                                          2821      12.82      12.82      12.82  10.53%
MHDSystem::ReconstructTo()                               3950352      9.019      9.019      9.019   7.41%
FabArrayBase::CPC::define()                                13714      8.913      8.913      8.913   7.32%
FabArray::ParallelCopy_nowait()                            17039      6.753      6.753      6.753   5.55%
FillPatchSingleLevel                                        9724      6.164      6.164      6.164   5.06%
FabArray::ParallelCopy()                                   14258      5.705      5.705      5.705   4.69%
HyperbolicSystem::ReconstructStatesPPM(MultiFabs)           8268      5.569      5.569      5.569   4.58%
FabArrayBase::getCPC()                                     17567      5.555      5.555      5.555   4.56%
HyperbolicSystem::ReconstructStatesPPM(Arrays)           2633568      5.463      5.463      5.463   4.49%
QuokkaSimulation::computeFOHydroFluxes()                     689      4.585      4.585      4.585   3.77%
AMRSimulation::WritePlotFile()                                 2      3.868      3.868      3.868   3.18%
WriteMultiLevelPlotfile()                                      8      3.344      3.344      3.344   2.75%
VisMF::Write(FabArray)                                        16      3.267      3.267      3.267   2.68%
FillPatcher::fill()                                          920      1.936      1.936      1.936   1.59%
FabArray::FillBoundary()                                    5552      1.538      1.538      1.538   1.26%
FillBoundary_nowait()                                       5552      1.532      1.532      1.532   1.26%
FabArray::Saxpy()                                          12402      1.498      1.498      1.498   1.23%
FaceLinear::interp_face()                                 347856      1.424      1.424      1.424   1.17%
AMRSimulation::RemakeLevel()                                  43      1.418      1.418      1.418   1.16%
AMRSimulation::incrementEMFRegisters()                       688      1.417      1.417      1.417   1.16%
amrex::Copy()                                               8346      1.383      1.383      1.383   1.14%
FillPatcher::fillCFB                                         920      1.273      1.273      1.273   1.05%
ParticleContainer::Redistribute_impl()                       574      1.217      1.217      1.217   1.00%
FabArray::ParallelCopyToGhost()                             2775      1.064      1.064      1.064   0.87%
FabArray::setVal()                                         16301      1.016      1.016      1.016   0.83%
AMRSimulation::setInitialConditions()                          1      1.015      1.015      1.015   0.83%
Redistribute_partition                                       574      0.958      0.958      0.958   0.79%
AMRSimulation::FillPatchFaceArray()                           43     0.8052     0.8052     0.8052   0.66%
FillPatchTwoLevels (Array<MF*>)                               43      0.805      0.805      0.805   0.66%
AMRSimulation::incrementFluxRegisters()                      688     0.7626     0.7626     0.7626   0.63%
MHDSystem::EMFAverage_LondrilloDelZanna2004()             282168     0.6726     0.6726     0.6726   0.55%
FillPatchInterp(MF)                                          966     0.5772     0.5772     0.5772   0.47%
WriteBinaryParticleData()                                      2     0.4522     0.4522     0.4522   0.37%
FluxRegister::Reflux()                                      1374     0.3186     0.3186     0.3186   0.26%
AMRSimulation::computeTimestep()                             229     0.2706     0.2706     0.2706   0.22%
AMRSimulation::computeTimestepAtLevel()                      458     0.2697     0.2697     0.2697   0.22%
TracerParticleContainer::AdvectWithUmac()                    688     0.2143     0.2143     0.2143   0.18%
AMRSimulation::AverageDownTo()                               230     0.2068     0.2068     0.2068   0.17%
AMRSimulation::FillPatch()                                    43     0.2009     0.2009     0.2009   0.17%
FabArrayBase::getFB()                                       5552     0.1503     0.1503     0.1503   0.12%
FabArrayBase::FB::FB()                                       180     0.1472     0.1472     0.1472   0.12%
QuokkaSimulation::computeMaxSignalLocal()                    458     0.1211     0.1211     0.1211   0.10%
AmrMesh::MakeNewGrids()                                      116     0.1198     0.1198     0.1198   0.10%
FabArray::setVal(val, thecmd, scomp, ncomp)                 3432     0.0943     0.0943     0.0943   0.08%
Other                                                      65845      1.129      1.129      1.129   0.93%
---------------------------------------------------------------------------------------------------------



BEGIN REGION HydroSolver

---------------------------------------------------------------------------------------------------
Name                                                NCalls  Excl. Min  Excl. Avg  Excl. Max   Max %
---------------------------------------------------------------------------------------------------
MHDSystem::ComputeEMF_FelkerStone2017()               2067      59.04      59.04      59.04  48.50%
QuokkaSimulation::computeHydroFluxes()                1378      9.912      9.912      9.912   8.14%
FabArrayBase::CPC::define()                          11762      7.934      7.934      7.934   6.52%
HyperbolicSystem::ReconstructStatesPPM(MultiFabs)     8268      5.569      5.569      5.569   4.58%
HyperbolicSystem::ReconstructStatesPPM(Arrays)     2633568      5.463      5.463      5.463   4.49%
QuokkaSimulation::computeFOHydroFluxes()               689      4.585      4.585      4.585   3.77%
QuokkaSimulation::advanceHydroAtLevel()                689      3.655      3.655      3.655   3.00%
MHDSystem::ReconstructTo()                         3950352      3.556      3.556      3.556   2.92%
FillPatchTwoLevels                                    2760      1.648      1.648      1.648   1.35%
FabArray::Saxpy()                                    12402      1.498      1.498      1.498   1.23%
FaceLinear::interp_face()                           346632      1.418      1.418      1.418   1.16%
AMRSimulation::incrementEMFRegisters()                 688      1.417      1.417      1.417   1.16%
amrex::Copy()                                         8260      1.377      1.377      1.377   1.13%
FillBoundary_nowait()                                 5512      1.373      1.373      1.373   1.13%
FabArray::ParallelCopy_nowait()                      11032      1.023      1.023      1.023   0.84%
FabArray::setVal()                                   13782     0.9425     0.9425     0.9425   0.77%
AMRSimulation::incrementFluxRegisters()                688     0.6956     0.6956     0.6956   0.57%
MHDSystem::EMFAverage_LondrilloDelZanna2004()       282168     0.6726     0.6726     0.6726   0.55%
REG::HydroSolver                                       687     0.5489     0.5489     0.5489   0.45%
FillPatchInterp(MF)                                    920     0.5421     0.5421     0.5421   0.45%
FillPatcher::fillCFB                                   920     0.2126     0.2126     0.2126   0.17%
FillPatchSingleLevel                                  9200    0.06709    0.06709    0.06709   0.06%
FabArrayBase::getCPC()                               11032     0.0147     0.0147     0.0147   0.01%
AMRSimulation::fillBoundaryConditions()               5512   0.005914   0.005914   0.005914   0.00%
FabArray::ParallelCopy()                              8272   0.005746   0.005746   0.005746   0.00%
AMRSimulation::FillPatchWithData()                    3680   0.004205   0.004205   0.004205   0.00%
FabArray::FillBoundary()                              5512   0.004145   0.004145   0.004145   0.00%
FabArray::ParallelCopyToGhost()                       2760   0.001977   0.001977   0.001977   0.00%
FillPatcher::fill()                                    920    0.00109    0.00109    0.00109   0.00%
Other                                                44702     0.6478     0.6478     0.6478   0.53%
---------------------------------------------------------------------------------------------------

---------------------------------------------------------------------------------------------------
Name                                                NCalls  Incl. Min  Incl. Avg  Incl. Max   Max %
---------------------------------------------------------------------------------------------------
REG::HydroSolver                                       687      113.8      113.8      113.8  93.51%
QuokkaSimulation::advanceHydroAtLevel()                689      111.9      111.9      111.9  91.93%
MHDSystem::ComputeEMF_FelkerStone2017()               2067      68.73      68.73      68.73  56.46%
QuokkaSimulation::computeHydroFluxes()                1378      15.48      15.48      15.48  12.72%
AMRSimulation::fillBoundaryConditions()               5512      14.66      14.66      14.66  12.04%
AMRSimulation::FillPatchWithData()                    3680      14.52      14.52      14.52  11.93%
FillPatchTwoLevels                                    2760      12.58      12.58      12.58  10.34%
MHDSystem::ReconstructTo()                         3950352      9.019      9.019      9.019   7.41%
FabArrayBase::CPC::define()                          11762      7.934      7.934      7.934   6.52%
FabArray::ParallelCopy_nowait()                      11032      5.795      5.795      5.795   4.76%
FillPatchSingleLevel                                  9200      5.649      5.649      5.649   4.64%
HyperbolicSystem::ReconstructStatesPPM(MultiFabs)     8268      5.569      5.569      5.569   4.58%
HyperbolicSystem::ReconstructStatesPPM(Arrays)     2633568      5.463      5.463      5.463   4.49%
FabArrayBase::getCPC()                               11032      4.771      4.771      4.771   3.92%
FabArray::ParallelCopy()                              8272      4.746      4.746      4.746   3.90%
QuokkaSimulation::computeFOHydroFluxes()               689      4.585      4.585      4.585   3.77%
FillPatcher::fill()                                    920      1.936      1.936      1.936   1.59%
FabArray::FillBoundary()                              5512      1.528      1.528      1.528   1.26%
FillBoundary_nowait()                                 5512      1.522      1.522      1.522   1.25%
FabArray::Saxpy()                                    12402      1.498      1.498      1.498   1.23%
FaceLinear::interp_face()                           346632      1.418      1.418      1.418   1.16%
AMRSimulation::incrementEMFRegisters()                 688      1.417      1.417      1.417   1.16%
amrex::Copy()                                         8260      1.377      1.377      1.377   1.13%
FillPatcher::fillCFB                                   920      1.273      1.273      1.273   1.05%
FabArray::ParallelCopyToGhost()                       2760       1.06       1.06       1.06   0.87%
FabArray::setVal()                                   13782     0.9425     0.9425     0.9425   0.77%
AMRSimulation::incrementFluxRegisters()                688     0.7626     0.7626     0.7626   0.63%
MHDSystem::EMFAverage_LondrilloDelZanna2004()       282168     0.6726     0.6726     0.6726   0.55%
FillPatchInterp(MF)                                    920     0.5421     0.5421     0.5421   0.45%
Other                                                44702     0.8006     0.8006     0.8006   0.66%
---------------------------------------------------------------------------------------------------

END REGION HydroSolver
Unused ParmParse Variables:
  [TOP]::amr.checkpoint_files_output(nvals = 1)  :: [0]

Device Memory Usage:
------------------------------------------------------------------------------------
Name                                                      Nalloc    AvgMem    MaxMem
------------------------------------------------------------------------------------
The_Arena::Initialize()                                        1   340   B    23 GiB
QuokkaSimulation::computeHydroFluxes()                   1649641   428 MiB  2525 MiB
QuokkaSimulation::computeFOHydroFluxes()                  736987   450 MiB  2424 MiB
AMRSimulation::RemakeLevel()                               86241   699 MiB  1810 MiB
QuokkaSimulation::advanceHydroAtLevel()                   817223   612 MiB  1033 MiB
AMRSimulation::WritePlotFile()                              1100    13 MiB   892 MiB
REG::HydroSolver                                          250576   573 MiB   857 MiB
AMRSimulation::MakeNewLevelFromScratch()                     732   101 MiB   235 MiB
WriteMultiLevelPlotfile()                                    400  2314 KiB   160 MiB
FillPatcher::fillCFB                                      115932    46 MiB    74 MiB
FillPatchTwoLevels                                       1059980   690 KiB    58 MiB
FillPatchInterp(MF)                                       126510   164 KiB    39 MiB
MHDSystem::ComputeEMF_FelkerStone2017()                  7618536  9988 KiB    37 MiB
FillPatchTwoLevels (Array<MF*>)                            71424   109 KiB    33 MiB
ResizeRandomSeed                                               1    29 MiB    30 MiB
InterpFromCoarseLevel(array)                                9009    10 KiB    25 MiB
FluxRegister::Reflux()                                     10992    35 KiB    24 MiB
AMRSimulation::incrementFluxRegisters()                   101493    48 KiB    16 MiB
ParticleContainer::ReserveForRedistribute()                 2507    11 MiB    14 MiB
ParticleContainer<NSR, NSI, NAR, NAI>::InitOnePerCell()        8  9685 KiB    14 MiB
amrex::packBuffer                                            457  6983   B    13 MiB
amrex::average_down                                        15120     9 KiB    12 MiB
Redistribute_partition                                    123552  7207   B  7575 KiB
AMRSimulation::timeStepWithSubcycling()                     7328  9978   B  6534 KiB
AMRSimulation::setInitialConditions()                         36    21   B  6148 KiB
FillBoundary_nowait()                                       5548  1375 KiB  3540 KiB
AMRSimulation::AverageDownTo()                             44280  1461   B  2199 KiB
OverrideSync_nowait()                                         96  2373   B  2115 KiB
FillPatchSingleLevel                                       11064    12 KiB  2112 KiB
ParticleContainer::WriteParticles()                          552    82   B  1725 KiB
WriteBinaryParticleData()                                     98  3956   B  1234 KiB
ParticleCopyPlan::buildCopiesAtomicScatter                  6634   595   B  1082 KiB
OwnerMask()                                                 1134    14   B  1057 KiB
ParticleContainer::Redistribute_impl()                        98  3707   B   724 KiB
AmrMesh::MakeNewGrids()                                     1856   402   B   432 KiB
FabArray::ParallelCopy_nowait()                            17039   854   B   372 KiB
VisMF::Write(FabArray)                                      1300    53   B   320 KiB
FabArray::setVal()                                         19657   174 KiB   306 KiB
QuokkaSimulation::advanceSingleTimestepAtLevel()            1188   176 KiB   267 KiB
FabArray::norminf()                                          503  8554   B   175 KiB
HyperbolicSystem::ReconstructStatesPPM(MultiFabs)          16536  5932   B   168 KiB
iMultiFab::sum()                                            1378    71   B   160 KiB
MultiFab::max()                                              458    20   B   160 KiB
FabArray::sum()                                               13     0   B   160 KiB
amrex::Copy()                                               5734    88 KiB   144 KiB
QuokkaSimulation::PreInterpState()                            86    23   B    72 KiB
FabArray::setVal(val, thecmd, scomp, ncomp)                 3432    15   B    70 KiB
QuokkaSimulation::FixupState()                               215    42 KiB    64 KiB
MHDSystem::SolveInductionEqn()                               147    28 KiB    59 KiB
FabArray::Saxpy()                                           4134   389   B    42 KiB
average_down_faces                                           822    12 KiB    38 KiB
MultiFab::contains_nan()                                      12  1841   B    25 KiB
TagBoxArray::mapPRD                                         1856     2   B    16 KiB
HydroSystem::PredictStep()                                    45  9486   B    15 KiB
TagBoxArray::collate()                                       348     0   B    13 KiB
DenseBins<T>::buildGPU                                       103  3600   B  4608   B
ParticleCopyPlan::build                                     3444     2   B  2304   B
ParticleBufferMap::define                                      7  1684   B  2048   B
AMRSimulation::computeTimestepAtLevel()                     3664     0   B   256   B
------------------------------------------------------------------------------------

Async Memory Usage:
---------------------------------------------------------------------
Name                                       Nalloc    AvgMem    MaxMem
---------------------------------------------------------------------
FillPatchInterp(MF)                        124716    95 KiB    39 MiB
AMRSimulation::incrementFluxRegisters()     10992    45 KiB    14 MiB
FluxRegister::Reflux()                      10992    31 KiB    12 MiB
AMRSimulation::RemakeLevel()                 4128  3230 KiB  7623 KiB
MHDSystem::ComputeEMF_FelkerStone2017()   7618536  2144 KiB  6719 KiB
AMRSimulation::MakeNewLevelFromScratch()       96    39 KiB  4356 KiB
AMRSimulation::timeStepWithSubcycling()      1832  5615   B  2048 KiB
---------------------------------------------------------------------

Managed Memory Usage:
---------------------------------------------------------
Name                             Nalloc  AvgMem    MaxMem
---------------------------------------------------------
The_Managed_Arena::Initialize()       1   0   B  8192 KiB
---------------------------------------------------------

Pinned Memory Usage:
-----------------------------------------------------------------------------------
Name                                                     Nalloc    AvgMem    MaxMem
-----------------------------------------------------------------------------------
The_Pinned_Arena::Initialize()                                1     0   B  8192 KiB
FillBoundary_nowait()                                      5548  1375 KiB  3540 KiB
ParticleContainer<NSR, NSI, NAR, NAI>::InitOnePerCell()     184    64   B  2600 KiB
VisMF::Write(FabArray)                                     1700  1799   B  2560 KiB
FabArray::ParallelCopy_nowait()                           17039   866   B   372 KiB
QuokkaSimulation::computeFOHydroFluxes()                  15891    72 KiB   330 KiB
FabArray::setVal()                                        19657   174 KiB   306 KiB
QuokkaSimulation::advanceSingleTimestepAtLevel()           1188   176 KiB   267 KiB
QuokkaSimulation::computeHydroFluxes()                    19337    47 KiB   204 KiB
HyperbolicSystem::ReconstructStatesPPM(MultiFabs)         16536  5934   B   168 KiB
FillPatcher::fillCFB                                        916    48 KiB   157 KiB
FillPatchInterp(MF)                                        1794    31 KiB   145 KiB
amrex::Copy()                                              5734    88 KiB   144 KiB
QuokkaSimulation::PreInterpState()                           86    23   B    72 KiB
FabArray::setVal(val, thecmd, scomp, ncomp)                3432    15   B    70 KiB
QuokkaSimulation::FixupState()                              215    42 KiB    64 KiB
MHDSystem::SolveInductionEqn()                              147    28 KiB    59 KiB
FabArray::Saxpy()                                          4134   389   B    42 KiB
average_down_faces                                          822    12 KiB    38 KiB
TagBoxArray::collate()                                      464     0   B    26 KiB
amrex::average_down                                         276  4319   B    22 KiB
AMRSimulation::incrementFluxRegisters()                    2061     5   B    19 KiB
QuokkaSimulation::advanceHydroAtLevel()                    2071   489   B    18 KiB
FabArray::norminf()                                         503  8528   B    15 KiB
HydroSystem::PredictStep()                                   45  9486   B    15 KiB
AMRSimulation::setInitialConditions()                         8     0   B    10 KiB
OverrideSync_nowait()                                        12  2359   B  9472   B
MultiFab::contains_nan()                                     12  1841   B  6144   B
ParticleContainer::Redistribute_impl()                      713  3267   B  4352   B
OwnerMask()                                                 122     0   B  3072   B
ParticleCopyPlan::build                                     574     0   B   768   B
Redistribute_partition                                    38789     1   B   256   B
ParticleContainer::WriteParticles()                          92     0   B   256   B
AMRSimulation::computeTimestepAtLevel()                     458     0   B   256   B
WriteBinaryParticleData()                                     6     0   B   256   B
MultiFab::max()                                             458     0   B   256   B
FabArray::sum()                                              13     0   B   256   B
AMRSimulation::readParameters()                               2     0   B   256   B
iMultiFab::sum()                                           1378     0   B   256   B
-----------------------------------------------------------------------------------

Comms Memory Usage:
-------------------------------------------------------
Name                           Nalloc  AvgMem    MaxMem
-------------------------------------------------------
The_Comms_Arena::Initialize()       1   0   B  8192 KiB
-------------------------------------------------------

Total GPU global memory (MB) spread across MPI: [32494 ... 32494]
Free  GPU global memory (MB) spread across MPI: [7672 ... 7672]
[The         Arena] max space (MB) allocated spread across MPI: [24370 ... 24370]
[The         Arena] max space (MB) used      spread across MPI: [6063 ... 6063]
[The Managed Arena] max space (MB) allocated spread across MPI: [8 ... 8]
[The Managed Arena] max space (MB) used      spread across MPI: [0 ... 0]
[The  Pinned Arena] max space (MB) allocated spread across MPI: [8 ... 8]
[The  Pinned Arena] max space (MB) used      spread across MPI: [4 ... 4]
[The   Comms Arena] max space (MB) allocated spread across MPI: [8 ... 8]
[The   Comms Arena] max space (MB) used      spread across MPI: [0 ... 0]
AMReX (26.08-36-gf2cbba4afc9e) finalized
